,Over-Under Odds,Over-Under Scores,Home Team,Away Team,Home Odds,Away Odds,Date,Difference,Team,ABBREVIATION,ID,HomeScheduleID,TotalScore
0,1.91,214.0,BOSTON_CELTICS,TORONTO_RAPTORS,1.8,2.04,2020-09-05,-0.24,BOSTON_CELTICS,BOS,2020-09-05HBOS,2020-09-05HBOS,193.0
1,1.91,222.5,LA_CLIPPERS,DENVER_NUGGETS,1.23,4.57,2020-09-05,-3.34,LA_CLIPPERS,LAC,2020-09-05HLAC,2020-09-05HLAC,211.0
2,1.91,222.5,HOUSTON_ROCKETS,LA_LAKERS,2.56,1.53,2020-09-08,1.03,HOUSTON_ROCKETS,HOU,2020-09-08HHOU,2020-09-08HHOU,214.0
3,1.91,218.5,MILWAUKEE_BUCKS,MIAMI_HEAT,2.75,1.48,2020-09-08,1.27,MILWAUKEE_BUCKS,MIL,2020-09-08HMIL,2020-09-08HMIL,197.0
4,1.91,209.5,BOSTON_CELTICS,TORONTO_RAPTORS,1.65,2.28,2020-09-09,,BOSTON_CELTICS,BOS,2020-09-09HBOS,2020-09-09HBOS,247.0
5,1.91,221.5,DENVER_NUGGETS,LA_CLIPPERS,4.0,1.28,2020-09-09,,DENVER_NUGGETS,DEN,2020-09-09HDEN,2020-09-09HDEN,181.0
2097147,1.91,221.5,DENVER_NUGGETS,LA_CLIPPERS,4,1.28,2020-09-09,,DENVER_NUGGETS,DEN,2020-09-09HDEN,2020-09-09HDEN,181.0
2097157,1.91,218.0,HOUSTON_ROCKETS,LA_LAKERS,2.85,1.45,2020-09-10,,HOUSTON_ROCKETS,HOU,2020-09-10HHOU,2020-09-10HHOU,210.0
2097158,1.91,216.0,LA_CLIPPERS,DENVER_NUGGETS,1.27,3.98,2020-09-11,,LA_CLIPPERS,LAC,2020-09-11HLAC,2020-09-11HLAC,216.0
2097159,1.91,205.0,TORONTO_RAPTORS,BOSTON_CELTICS,2.05,1.8,2020-09-11,,TORONTO_RAPTORS,TOR,2020-09-11HTOR,2020-09-11HTOR,179.0
2097160,1.91,215.5,MIAMI_HEAT,BOSTON_CELTICS,2.3,1.67,2020-09-27,,MIAMI_HEAT,MIA,2020-09-27HMIA,2020-09-27HMIA,238.0
2097161,1.91,216.5,LA_LAKERS,MIAMI_HEAT,1.22,4.73,2020-10-02,,LA_LAKERS,LAL,2020-10-02HLAL,2020-10-02HLAL,238.0
2097162,1.91,218.5,MIAMI_HEAT,LA_LAKERS,4.12,1.2,2020-10-03,,MIAMI_HEAT,MIA,2020-10-03HMIA,,
2097163,1.91,220.0,MIAMI_HEAT,LA_LAKERS,4.38,1.24,2020-10-04,,MIAMI_HEAT,MIA,2020-10-04HMIA,2020-10-04HMIA,219.0
2097164,1.91,218.0,MIAMI_HEAT,LA_LAKERS,3.5,1.32,2020-10-06,,MIAMI_HEAT,MIA,2020-10-06HMIA,2020-10-06HMIA,198.0
2097165,1.91,216.0,LA_LAKERS,MIAMI_HEAT,1.32,3.45,2020-10-08,,LA_LAKERS,LAL,2020-10-08HLAL,,
2097166,1.91,216.0,LA_LAKERS,MIAMI_HEAT,1.32,3.45,2020-10-09,,LA_LAKERS,LAL,2020-10-09HLAL,2020-10-09HLAL,219.0
2097167,1.91,220.0,BROOKLYN_NETS,GOLDEN_STATE_WARRIORS,1.44,2.85,2020-12-09,,BROOKLYN_NETS,BKN,2020-12-09HBKN,,
2097168,1.91,220.0,BROOKLYN_NETS,GOLDEN_STATE_WARRIORS,1.71,2.2,2020-12-09,,BROOKLYN_NETS,BKN,2020-12-09HBKN,,
2097169,1.91,220.0,BROOKLYN_NETS,GOLDEN_STATE_WARRIORS,1.44,2.85,2020-12-10,,BROOKLYN_NETS,BKN,2020-12-10HBKN,,
2097170,1.91,220.0,LA_LAKERS,LA_CLIPPERS,1.76,2.09,2020-12-10,,LA_LAKERS,LAL,2020-12-10HLAL,,
2097171,1.91,220.0,BROOKLYN_NETS,GOLDEN_STATE_WARRIORS,1.44,2.85,2020-12-12,,BROOKLYN_NETS,BKN,2020-12-12HBKN,,
2097172,1.91,220.0,LA_LAKERS,LA_CLIPPERS,1.76,2.09,2020-12-12,,LA_LAKERS,LAL,2020-12-12HLAL,,
2097173,1.91,220.0,LA_LAKERS,LA_CLIPPERS,1.80,2.05,2020-12-22,,LA_LAKERS,LAL,2020-12-22HLAL,2020-12-22HLAL,225.0
2097174,1.91,220.0,BROOKLYN_NETS,GOLDEN_STATE_WARRIORS,Closed,Closed,2020-12-22,,BROOKLYN_NETS,BKN,2020-12-22HBKN,2020-12-22HBKN,224.0
2097175,1.91,220.0,MILWAUKEE_BUCKS,GOLDEN_STATE_WARRIORS,1.19,5.28,2020-12-25,,MILWAUKEE_BUCKS,MIL,2020-12-25HMIL,2020-12-25HMIL,237.0
2097176,1.91,220.0,BOSTON_CELTICS,BROOKLYN_NETS,2.40,1.61,2020-12-25,,BOSTON_CELTICS,BOS,2020-12-25HBOS,2020-12-25HBOS,218.0
2097177,1.91,238.5,MEMPHIS_GRIZZLIES,ATLANTA_HAWKS,1.71,2.18,2020-12-26,,MEMPHIS_GRIZZLIES,MEM,2020-12-26HMEM,2020-12-26HMEM,234.0
2097178,1.91,213.5,DETROIT_PISTONS,CLEVELAND_CAVALIERS,1.85,1.98,2020-12-26,,DETROIT_PISTONS,DET,2020-12-26HDET,2020-12-26HDET,247.0
2097179,1.91,238.5,MEMPHIS_GRIZZLIES,ATLANTA_HAWKS,1.71,2.18,2020-12-27,,MEMPHIS_GRIZZLIES,MEM,2020-12-27HMEM,,
2097180,1.91,213.5,DETROIT_PISTONS,CLEVELAND_CAVALIERS,1.85,1.98,2020-12-27,,DETROIT_PISTONS,DET,2020-12-27HDET,,
2097181,1.91,217.5,CHARLOTTE_HORNETS,OKLAHOMA_CITY,1.70,2.19,2020-12-27,,CHARLOTTE_HORNETS,CHA,2020-12-27HCHA,2020-12-27HCHA,210.0
2097182,1.91,231.5,WASHINGTON_WIZARDS,ORLANDO_MAGIC,1.74,2.12,2020-12-27,,WASHINGTON_WIZARDS,WAS,2020-12-27HWAS,2020-12-27HWAS,233.0
2097183,1.91,215.5,NEW_YORK_KNICKS,PHILADELPHIA_76ERS,3.90,1.28,2020-12-27,,NEW_YORK_KNICKS,NYK,2020-12-27HNYK,2020-12-27HNYK,240.0
2097184,1.91,223.5,CHICAGO_BULLS,INDIANA_PACERS,2.95,1.43,2020-12-27,,CHICAGO_BULLS,CHI,2020-12-27HCHI,2020-12-27HCHI,257.0
2097185,1.91,227.5,SAN_ANTONIO_SPURS,TORONTO_RAPTORS,2.13,1.74,2020-12-27,,SAN_ANTONIO_SPURS,SAS,2020-12-27HSAS,,
2097186,1.91,229.0,UTAH_JAZZ,MINNESOTA_TIMBERWOLVES,1.24,4.44,2020-12-27,,UTAH_JAZZ,UTA,2020-12-27HUTA,,
2097187,1.91,225.5,PORTLAND_TRAIL_BLAZERS,HOUSTON_ROCKETS,1.29,3.81,2020-12-27,,PORTLAND_TRAIL_BLAZERS,POR,2020-12-27HPOR,,
2097188,1.91,227.0,SACRAMENTO_KINGS,PHOENIX_SUNS,2.39,1.60,2020-12-27,,SACRAMENTO_KINGS,SAC,2020-12-27HSAC,2020-12-27HSAC,216.0
2097189,1.91,233.5,HOUSTON_ROCKETS,SACRAMENTO_KINGS,1.53,2.56,2021-01-02,,HOUSTON_ROCKETS,HOU,2021-01-02HHOU,2021-01-02HHOU,196.0
2097190,1.91,216.5,PHILADELPHIA_76ERS,CHARLOTTE_HORNETS,1.21,4.89,2021-01-02,,PHILADELPHIA_76ERS,PHI,2021-01-02HPHI,2021-01-02HPHI,239.0
2097191,1.91,215.5,INDIANA_PACERS,NEW_YORK_KNICKS,1.25,4.22,2021-01-02,,INDIANA_PACERS,IND,2021-01-02HIND,2021-01-02HIND,208.0
2097192,1.91,217.0,ORLANDO_MAGIC,OKLAHOMA_CITY,1.43,2.93,2021-01-02,,ORLANDO_MAGIC,ORL,2021-01-02HORL,2021-01-02HORL,207.0
2097193,1.91,229.5,ATLANTA_HAWKS,CLEVELAND_CAVALIERS,1.43,2.92,2021-01-02,,ATLANTA_HAWKS,ATL,2021-01-02HATL,2021-01-02HATL,187.0
2097194,1.91,215.5,NEW_ORLEANS_PELICANS,TORONTO_RAPTORS,2.05,1.80,2021-01-02,,NEW_ORLEANS_PELICANS,NOP,2021-01-02HNOP,2021-01-02HNOP,236.0
2097195,1.91,213.5,DETROIT_PISTONS,BOSTON_CELTICS,3.93,1.28,2021-01-03,,DETROIT_PISTONS,DET,2021-01-03HDET,2021-01-03HDET,242.0
2097196,1.91,221.0,MEMPHIS_GRIZZLIES,LA_LAKERS,4.70,1.22,2021-01-03,,MEMPHIS_GRIZZLIES,MEM,2021-01-03HMEM,2021-01-03HMEM,202.0
2097197,1.91,241.0,BROOKLYN_NETS,WASHINGTON_WIZARDS,1.33,3.52,2021-01-03,,BROOKLYN_NETS,BKN,2021-01-03HBKN,2021-01-03HBKN,245.0
2097198,1.91,226.0,MINNESOTA_TIMBERWOLVES,DENVER_NUGGETS,3.96,1.28,2021-01-03,,MINNESOTA_TIMBERWOLVES,MIN,2021-01-03HMIN,2021-01-03HMIN,233.0
2097199,1.91,220.0,SAN_ANTONIO_SPURS,UTAH_JAZZ,2.61,1.52,2021-01-03,,SAN_ANTONIO_SPURS,SAS,2021-01-03HSAS,2021-01-03HSAS,239.0
2097200,1.91,224.5,CHICAGO_BULLS,DALLAS_MAVERICKS,3.04,1.41,2021-01-03,,CHICAGO_BULLS,CHI,2021-01-03HCHI,2021-01-03HCHI,226.0
2097201,1.91,216.5,PHOENIX_SUNS,LA_CLIPPERS,2.42,1.58,2021-01-03,,PHOENIX_SUNS,PHX,2021-01-03HPHX,2021-01-03HPHX,219.0
2097202,1.91,235.0,GOLDEN_STATE_WARRIORS,PORTLAND_TRAIL_BLAZERS,2.75,1.48,2021-01-03,,GOLDEN_STATE_WARRIORS,GSW,2021-01-03HGSW,2021-01-03HGSW,259.0
2097203,1.91,221.5,PHILADELPHIA_76ERS,CHARLOTTE_HORNETS,1.27,3.90,2021-01-04,,PHILADELPHIA_76ERS,PHI,2021-01-04HPHI,2021-01-04HPHI,219.0
2097204,1.91,215.5,ORLANDO_MAGIC,CLEVELAND_CAVALIERS,1.44,2.89,2021-01-04,,ORLANDO_MAGIC,ORL,2021-01-04HORL,2021-01-04HORL,186.0
2097205,1.91,219.0,TORONTO_RAPTORS,BOSTON_CELTICS,1.53,2.57,2021-01-04,,TORONTO_RAPTORS,TOR,2021-01-04HTOR,2021-01-04HTOR,240.0
2097206,1.91,223.0,ATLANTA_HAWKS,NEW_YORK_KNICKS,1.32,3.50,2021-01-04,,ATLANTA_HAWKS,ATL,2021-01-04HATL,2021-01-04HATL,221.0
2097207,1.91,214.5,MIAMI_HEAT,OKLAHOMA_CITY,1.25,4.30,2021-01-04,,MIAMI_HEAT,MIA,2021-01-04HMIA,2021-01-04HMIA,208.0
2097208,1.91,230.0,HOUSTON_ROCKETS,DALLAS_MAVERICKS,1.59,2.41,2021-01-04,,HOUSTON_ROCKETS,HOU,2021-01-04HHOU,2021-01-04HHOU,213.0
2097209,1.91,224.0,MILWAUKEE_BUCKS,DETROIT_PISTONS,1.04,12.00,2021-01-04,,MILWAUKEE_BUCKS,MIL,2021-01-04HMIL,2021-01-04HMIL,240.0
2097210,1.91,217.0,NEW_ORLEANS_PELICANS,INDIANA_PACERS,1.79,2.06,2021-01-04,,NEW_ORLEANS_PELICANS,NOP,2021-01-04HNOP,2021-01-04HNOP,234.0
2097211,1.91,234.5,GOLDEN_STATE_WARRIORS,SACRAMENTO_KINGS,2.13,1.74,2021-01-04,,GOLDEN_STATE_WARRIORS,GSW,2021-01-04HGSW,2021-01-04HGSW,243.0
2097212,1.91,109.5,DETROIT_PISTONS,PHOENIX_SUNS,2.44,1.58,2021-01-08,,DETROIT_PISTONS,DET,2021-01-08HDET,2021-01-08HDET,215.0
2097213,1.91,221.5,LA_LAKERS,CHICAGO_BULLS,1.29,3.86,2021-01-08,,LA_LAKERS,LAL,2021-01-08HLAL,2021-01-08HLAL,232.0
2097214,1.91,229.5,GOLDEN_STATE_WARRIORS,LA_CLIPPERS,3.12,1.39,2021-01-08,,GOLDEN_STATE_WARRIORS,GSW,2021-01-08HGSW,2021-01-08HGSW,220.0
2097215,1.91,223.0,SACRAMENTO_KINGS,TORONTO_RAPTORS,2.05,1.80,2021-01-08,,SACRAMENTO_KINGS,SAC,2021-01-08HSAC,2021-01-08HSAC,267.0
2097216,1.91,227.0,CHARLOTTE_HORNETS,ATLANTA_HAWKS,2.53,1.54,2021-01-09,,CHARLOTTE_HORNETS,CHA,2021-01-09HCHA,2021-01-09HCHA,218.0
2097217,1.91,216.0,INDIANA_PACERS,PHOENIX_SUNS,1.65,2.29,2021-01-09,,INDIANA_PACERS,IND,2021-01-09HIND,2021-01-09HIND,242.0
2097218,1.91,216.5,DALLAS_MAVERICKS,ORLANDO_MAGIC,1.36,3.32,2021-01-09,,DALLAS_MAVERICKS,DAL,2021-01-09HDAL,2021-01-09HDAL,210.0
2097219,1.91,219.5,DETROIT_PISTONS,UTAH_JAZZ,3.80,1.29,2021-01-10,,DETROIT_PISTONS,DET,2021-01-10HDET,2021-01-10HDET,182.0
2097220,1.91,221.0,LA_CLIPPERS,CHICAGO_BULLS,1.15,6.38,2021-01-10,,LA_CLIPPERS,LAC,2021-01-10HLAC,2021-01-10HLAC,257.0
2097221,1.91,213.0,NEW_YORK_KNICKS,DENVER_NUGGETS,2.85,1.45,2021-01-10,,NEW_YORK_KNICKS,NYK,2021-01-10HNYK,2021-01-10HNYK,203.0
2097222,1.91,227.5,BROOKLYN_NETS,OKLAHOMA_CITY,1.26,4.10,2021-01-10,,BROOKLYN_NETS,BKN,2021-01-10HBKN,2021-01-10HBKN,245.0
2097223,1.91,223.0,HOUSTON_ROCKETS,LA_LAKERS,2.37,1.61,2021-01-10,,HOUSTON_ROCKETS,HOU,2021-01-10HHOU,2021-01-10HHOU,222.0
2097224,1.91,212.0,BOSTON_CELTICS,MIAMI_HEAT,3.71,1.30,2021-01-10,,BOSTON_CELTICS,BOS,2021-01-10HBOS,,
2097225,1.91,233.5,MINNESOTA_TIMBERWOLVES,SAN_ANTONIO_SPURS,2.23,1.68,2021-01-10,,MINNESOTA_TIMBERWOLVES,MIN,2021-01-10HMIN,2021-01-10HMIN,184.0
2097226,1.91,233.0,GOLDEN_STATE_WARRIORS,TORONTO_RAPTORS,2.25,1.67,2021-01-10,,GOLDEN_STATE_WARRIORS,GSW,2021-01-10HGSW,2021-01-10HGSW,211.0
2097227,1.91,207.0,CLEVELAND_CAVALIERS,MEMPHIS_GRIZZLIES,2.22,1.68,2021-01-11,,CLEVELAND_CAVALIERS,CLE,2021-01-11HCLE,2021-01-11HCLE,192.0
2097228,1.91,225.5,ORLANDO_MAGIC,MILWAUKEE_BUCKS,5.14,1.19,2021-01-11,,ORLANDO_MAGIC,ORL,2021-01-11HORL,2021-01-11HORL,220.0
2097229,1.91,213.0,CHARLOTTE_HORNETS,NEW_YORK_KNICKS,1.49,2.70,2021-01-11,,CHARLOTTE_HORNETS,CHA,2021-01-11HCHA,2021-01-11HCHA,197.0
2097230,1.91,232.0,WASHINGTON_WIZARDS,PHOENIX_SUNS,3.08,1.40,2021-01-11,,WASHINGTON_WIZARDS,WAS,2021-01-11HWAS,2021-01-11HWAS,235.0
2097231,1.91,220.5,ATLANTA_HAWKS,PHILADELPHIA_76ERS,1.44,2.88,2021-01-11,,ATLANTA_HAWKS,ATL,2021-01-11HATL,2021-01-11HATL,206.0
2097232,1.91,227.5,SACRAMENTO_KINGS,INDIANA_PACERS,2.80,1.46,2021-01-11,,SACRAMENTO_KINGS,SAC,2021-01-11HSAC,2021-01-11HSAC,249.0
2097233,1.91,230.5,PORTLAND_TRAIL_BLAZERS,TORONTO_RAPTORS,1.52,2.61,2021-01-11,,PORTLAND_TRAIL_BLAZERS,POR,2021-01-11HPOR,2021-01-11HPOR,223.0
2097234,1.91,216.5,OKLAHOMA_CITY,SAN_ANTONIO_SPURS,2.20,1.69,2021-01-12,,OKLAHOMA_CITY,OKC,2021-01-12HOKC,2021-01-12HOKC,214.0
2097235,1.91,228.0,GOLDEN_STATE_WARRIORS,INDIANA_PACERS,1.76,2.09,2021-01-12,,GOLDEN_STATE_WARRIORS,GSW,2021-01-12HGSW,2021-01-12HGSW,199.0
2097236,1.91,220.5,CHARLOTTE_HORNETS,DALLAS_MAVERICKS,2.48,1.56,2021-01-13,,CHARLOTTE_HORNETS,CHA,2021-01-13HCHA,2021-01-13HCHA,197.0
2097237,1.91,226.5,DETROIT_PISTONS,MILWAUKEE_BUCKS,5.43,1.18,2021-01-13,,DETROIT_PISTONS,DET,2021-01-13HDET,2021-01-13HDET,211.0
2097238,1.91,219.5,NEW_YORK_KNICKS,BROOKLYN_NETS,2.99,1.42,2021-01-13,,NEW_YORK_KNICKS,NYK,2021-01-13HNYK,2021-01-13HNYK,225.0
2097239,1.91,218.0,OKLAHOMA_CITY,LA_LAKERS,3.84,1.29,2021-01-13,,OKLAHOMA_CITY,OKC,2021-01-13HOKC,2021-01-13HOKC,227.0
2097240,1.91,223.0,MINNESOTA_TIMBERWOLVES,MEMPHIS_GRIZZLIES,1.68,2.22,2021-01-13,,MINNESOTA_TIMBERWOLVES,MIN,2021-01-13HMIN,2021-01-13HMIN,225.0
2097241,1.91,218.0,LA_CLIPPERS,NEW_ORLEANS_PELICANS,1.35,3.36,2021-01-13,,LA_CLIPPERS,LAC,2021-01-13HLAC,2021-01-13HLAC,217.0
2097242,1.91,236.5,SACRAMENTO_KINGS,PORTLAND_TRAIL_BLAZERS,2.42,1.58,2021-01-13,,SACRAMENTO_KINGS,SAC,2021-01-13HSAC,2021-01-13HSAC,258.0
2097243,1.91,222.5,PHILADELPHIA_76ERS,MIAMI_HEAT,1.19,5.23,2021-01-14,,PHILADELPHIA_76ERS,PHI,2021-01-14HPHI,2021-01-14HPHI,233.0
2097244,1.91,220.0,TORONTO_RAPTORS,CHARLOTTE_HORNETS,1.29,3.84,2021-01-14,,TORONTO_RAPTORS,TOR,2021-01-14HTOR,2021-01-14HTOR,219.0
2097245,1.91,218.0,SAN_ANTONIO_SPURS,HOUSTON_ROCKETS,1.36,3.32,2021-01-14,,SAN_ANTONIO_SPURS,SAS,2021-01-14HSAS,2021-01-14HSAS,214.0
2097246,1.91,225.0,DENVER_NUGGETS,GOLDEN_STATE_WARRIORS,1.50,2.66,2021-01-14,,DENVER_NUGGETS,DEN,2021-01-14HDEN,2021-01-14HDEN,218.0
2228130,1.91,225.0,DENVER_NUGGETS,GOLDEN_STATE_WARRIORS,1.5,2.66,2021-01-14,,DENVER_NUGGETS,DEN,2021-01-14HDEN,2021-01-14HDEN,218.0
5242974,1.91,229.0,PORTLAND_TRAIL_BLAZERS,INDIANA_PACERS,1.67,2.24,2021-01-14,,PORTLAND_TRAIL_BLAZERS,POR,2021-01-14HPOR,2021-01-14HPOR,198.0
5242975,1.91,228.0,MILWAUKEE_BUCKS,DALLAS_MAVERICKS,1.35,3.37,2021-01-15,,MILWAUKEE_BUCKS,MIL,2021-01-15HMIL,2021-01-15HMIL,221.0
5242976,1.91,196.5,CLEVELAND_CAVALIERS,NEW_YORK_KNICKS,2.15,1.72,2021-01-15,,CLEVELAND_CAVALIERS,CLE,2021-01-15HCLE,2021-01-15HCLE,209.0
5242977,1.91,213.5,BOSTON_CELTICS,ORLANDO_MAGIC,1.64,2.3,2021-01-15,,BOSTON_CELTICS,BOS,2021-01-15HBOS,2021-01-15HBOS,221.0
5242978,1.91,224.0,OKLAHOMA_CITY,CHICAGO_BULLS,1.88,1.94,2021-01-15,,OKLAHOMA_CITY,OKC,2021-01-15HOKC,2021-01-15HOKC,252.0
5242979,1.91,224.5,MINNESOTA_TIMBERWOLVES,MEMPHIS_GRIZZLIES,1.81,2.02,2021-01-15,,MINNESOTA_TIMBERWOLVES,MIN,2021-01-15HMIN,,
5242980,1.91,226.5,UTAH_JAZZ,ATLANTA_HAWKS,1.42,2.97,2021-01-15,,UTAH_JAZZ,UTA,2021-01-15HUTA,2021-01-15HUTA,208.0
5242981,1.91,227.5,SACRAMENTO_KINGS,LA_CLIPPERS,3.21,1.37,2021-01-15,,SACRAMENTO_KINGS,SAC,2021-01-15HSAC,2021-01-15HSAC,238.0
5242982,1.91,220.0,LA_LAKERS,NEW_ORLEANS_PELICANS,1.21,4.78,2021-01-15,,LA_LAKERS,LAL,2021-01-15HLAL,2021-01-15HLAL,207.0
5242983,1.91,217.5,SAN_ANTONIO_SPURS,HOUSTON_ROCKETS,1.34,3.56,2021-01-16,,SAN_ANTONIO_SPURS,SAS,2021-01-16HSAS,2021-01-16HSAS,194.0
5242984,1.91,225.5,BROOKLYN_NETS,ORLANDO_MAGIC,1.26,4.17,2021-01-16,,BROOKLYN_NETS,BKN,2021-01-16HBKN,2021-01-16HBKN,237.0
5242985,1.91,219.5,TORONTO_RAPTORS,CHARLOTTE_HORNETS,1.35,3.35,2021-01-16,,TORONTO_RAPTORS,TOR,2021-01-16HTOR,2021-01-16HTOR,229.0
5242986,1.91,217.5,MIAMI_HEAT,DETROIT_PISTONS,1.48,2.72,2021-01-16,,MIAMI_HEAT,MIA,2021-01-16HMIA,2021-01-16HMIA,220.0
5242987,1.91,221.0,MEMPHIS_GRIZZLIES,PHILADELPHIA_76ERS,1.98,1.85,2021-01-16,,MEMPHIS_GRIZZLIES,MEM,2021-01-16HMEM,2021-01-16HMEM,210.0
5242988,1.91,234.0,PORTLAND_TRAIL_BLAZERS,ATLANTA_HAWKS,1.48,2.75,2021-01-16,,PORTLAND_TRAIL_BLAZERS,POR,2021-01-16HPOR,2021-01-16HPOR,218.0
5242989,1.91,212.5,BOSTON_CELTICS,NEW_YORK_KNICKS,1.32,3.57,2021-01-17,,BOSTON_CELTICS,BOS,2021-01-17HBOS,2021-01-17HBOS,180.0
5242990,1.91,227.0,DALLAS_MAVERICKS,CHICAGO_BULLS,1.34,3.41,2021-01-17,,DALLAS_MAVERICKS,DAL,2021-01-17HDAL,2021-01-17HDAL,218.0
5242991,1.91,220.0,OKLAHOMA_CITY,PHILADELPHIA_76ERS,2.29,1.65,2021-01-17,,OKLAHOMA_CITY,OKC,2021-01-17HOKC,,
5242992,1.91,221.0,DENVER_NUGGETS,UTAH_JAZZ,1.83,2.0,2021-01-17,,DENVER_NUGGETS,DEN,2021-01-17HDEN,2021-01-17HDEN,214.0
6291568,1.91,229.0,SACRAMENTO_KINGS,NEW_ORLEANS_PELICANS,2.08,1.77,2021-01-17,,SACRAMENTO_KINGS,SAC,2021-01-17HSAC,2021-01-17HSAC,251.0
6291569,1.91,222.5,LA_CLIPPERS,INDIANA_PACERS,1.42,2.96,2021-01-17,,LA_CLIPPERS,LAC,2021-01-17HLAC,2021-01-17HLAC,225.0
6291570,1.91,205.0,NEW_YORK_KNICKS,ORLANDO_MAGIC,2.11,1.75,2021-01-18,,NEW_YORK_KNICKS,NYK,2021-01-18HNYK,2021-01-18HNYK,175.0
6291571,1.91,227.5,ATLANTA_HAWKS,MINNESOTA_TIMBERWOLVES,1.35,3.36,2021-01-18,,ATLANTA_HAWKS,ATL,2021-01-18HATL,2021-01-18HATL,205.0
6291572,1.91,217.5,MIAMI_HEAT,DETROIT_PISTONS,1.39,3.12,2021-01-18,,MIAMI_HEAT,MIA,2021-01-18HMIA,2021-01-18HMIA,220.0
6291573,1.91,226.5,PORTLAND_TRAIL_BLAZERS,SAN_ANTONIO_SPURS,2.11,1.75,2021-01-18,,PORTLAND_TRAIL_BLAZERS,POR,2021-01-18HPOR,2021-01-18HPOR,229.0
6291574,1.91,218.5,MEMPHIS_GRIZZLIES,PHOENIX_SUNS,2.72,1.48,2021-01-18,,MEMPHIS_GRIZZLIES,MEM,2021-01-18HMEM,2021-01-18HMEM,212.0
6291575,1.91,220.0,TORONTO_RAPTORS,DALLAS_MAVERICKS,1.48,2.72,2021-01-18,,TORONTO_RAPTORS,TOR,2021-01-18HTOR,2021-01-18HTOR,209.0
6291576,1.91,239.0,BROOKLYN_NETS,MILWAUKEE_BUCKS,2.2,1.69,2021-01-18,,BROOKLYN_NETS,BKN,2021-01-18HBKN,2021-01-18HBKN,248.0
6291577,1.91,226.5,CHICAGO_BULLS,HOUSTON_ROCKETS,2.06,1.78,2021-01-18,,CHICAGO_BULLS,CHI,2021-01-18HCHI,2021-01-18HCHI,245.0
6291578,1.91,226.5,LA_LAKERS,GOLDEN_STATE_WARRIORS,1.26,4.12,2021-01-18,,LA_LAKERS,LAL,2021-01-18HLAL,2021-01-18HLAL,228.0
6291579,1.91,217.5,UTAH_JAZZ,NEW_ORLEANS_PELICANS,1.42,2.99,2021-01-19,,UTAH_JAZZ,UTA,2021-01-19HUTA,2021-01-19HUTA,220.0
6291580,1.91,220.5,DENVER_NUGGETS,OKLAHOMA_CITY,1.22,4.62,2021-01-19,,DENVER_NUGGETS,DEN,2021-01-19HDEN,2021-01-19HDEN,220.0
7340156,1.91,229.5,DETROIT_PISTONS,BROOKLYN_NETS,3.3,1.36,2021-02-09,,DETROIT_PISTONS,DET,2021-02-09HDET,2021-02-09HDET,233.0
7340157,1.91,226.5,NEW_ORLEANS_PELICANS,HOUSTON_ROCKETS,1.37,3.21,2021-02-09,,NEW_ORLEANS_PELICANS,NOP,2021-02-09HNOP,2021-02-09HNOP,231.0
7340158,1.91,209.0,MIAMI_HEAT,NEW_YORK_KNICKS,1.4,3.1,2021-02-09,,MIAMI_HEAT,MIA,2021-02-09HMIA,2021-02-09HMIA,194.0
7340159,1.91,230.5,SAN_ANTONIO_SPURS,GOLDEN_STATE_WARRIORS,1.97,1.85,2021-02-09,,SAN_ANTONIO_SPURS,SAS,2021-02-09HSAS,2021-02-09HSAS,205.0
7340160,1.91,220.0,UTAH_JAZZ,BOSTON_CELTICS,1.41,3.0,2021-02-09,,UTAH_JAZZ,UTA,2021-02-09HUTA,2021-02-09HUTA,230.0
7340161,1.91,220.5,PORTLAND_TRAIL_BLAZERS,ORLANDO_MAGIC,1.41,3.03,2021-02-09,,PORTLAND_TRAIL_BLAZERS,POR,2021-02-09HPOR,2021-02-09HPOR,203.0
7340162,1.91,231.5,SACRAMENTO_KINGS,PHILADELPHIA_76ERS,2.76,1.47,2021-02-09,,SACRAMENTO_KINGS,SAC,2021-02-09HSAC,2021-02-09HSAC,230.0
7340163,1.91,234.5,WASHINGTON_WIZARDS,TORONTO_RAPTORS,2.85,1.44,2021-02-10,,WASHINGTON_WIZARDS,WAS,2021-02-10HWAS,2021-02-10HWAS,252.0
7340164,1.91,232.5,DALLAS_MAVERICKS,ATLANTA_HAWKS,1.55,2.52,2021-02-10,,DALLAS_MAVERICKS,DAL,2021-02-10HDAL,2021-02-10HDAL,235.0
7340165,1.91,235.0,BROOKLYN_NETS,INDIANA_PACERS,1.82,2.01,2021-02-10,,BROOKLYN_NETS,BKN,2021-02-10HBKN,2021-02-10HBKN,198.0
7340166,1.91,224.0,MEMPHIS_GRIZZLIES,CHARLOTTE_HORNETS,1.67,2.3,2021-02-10,,MEMPHIS_GRIZZLIES,MEM,2021-02-10HMEM,2021-02-10HMEM,244.0
7340167,1.91,223.0,MINNESOTA_TIMBERWOLVES,LA_CLIPPERS,5.2,1.19,2021-02-10,,MINNESOTA_TIMBERWOLVES,MIN,2021-02-10HMIN,2021-02-10HMIN,231.0
7340168,1.91,219.5,DENVER_NUGGETS,CLEVELAND_CAVALIERS,1.23,4.58,2021-02-10,,DENVER_NUGGETS,DEN,2021-02-10HDEN,2021-02-10HDEN,228.0
8388744,1.91,229.5,CHICAGO_BULLS,NEW_ORLEANS_PELICANS,2.17,1.71,2021-02-10,,CHICAGO_BULLS,CHI,2021-02-10HCHI,2021-02-10HCHI,245.0
8388745,1.91,226.5,PHOENIX_SUNS,MILWAUKEE_BUCKS,2.59,1.52,2021-02-10,,PHOENIX_SUNS,PHX,2021-02-10HPHX,2021-02-10HPHX,249.0
8388746,1.91,217.5,LA_LAKERS,OKLAHOMA_CITY,1.14,6.64,2021-02-10,,LA_LAKERS,LAL,2021-02-10HLAL,2021-02-10HLAL,227.0
8388747,1.91,215.0,HOUSTON_ROCKETS,MIAMI_HEAT,2.11,1.75,2021-02-11,,HOUSTON_ROCKETS,HOU,2021-02-11HHOU,2021-02-11HHOU,195.0
8388748,1.91,220.0,BOSTON_CELTICS,TORONTO_RAPTORS,1.69,2.2,2021-02-11,,BOSTON_CELTICS,BOS,2021-02-11HBOS,2021-02-11HBOS,226.0
8388749,1.91,215.0,DETROIT_PISTONS,INDIANA_PACERS,2.36,1.61,2021-02-11,,DETROIT_PISTONS,DET,2021-02-11HDET,2021-02-11HDET,206.0
8388750,1.91,223.0,GOLDEN_STATE_WARRIORS,ORLANDO_MAGIC,1.33,3.51,2021-02-11,,GOLDEN_STATE_WARRIORS,GSW,2021-02-11HGSW,2021-02-11HGSW,216.0
8388751,1.91,229.0,PORTLAND_TRAIL_BLAZERS,PHILADELPHIA_76ERS,2.86,1.45,2021-02-11,,PORTLAND_TRAIL_BLAZERS,POR,2021-02-11HPOR,2021-02-11HPOR,232.0
8388752,1.91,228.0,CHARLOTTE_HORNETS,MINNESOTA_TIMBERWOLVES,1.6,2.4,2021-02-12,,CHARLOTTE_HORNETS,CHA,2021-02-12HCHA,2021-02-12HCHA,234.0
8388753,1.91,219.5,WASHINGTON_WIZARDS,NEW_YORK_KNICKS,2.17,1.71,2021-02-12,,WASHINGTON_WIZARDS,WAS,2021-02-12HWAS,2021-02-12HWAS,200.0
8388754,1.91,232.0,DALLAS_MAVERICKS,NEW_ORLEANS_PELICANS,1.66,2.27,2021-02-12,,DALLAS_MAVERICKS,DAL,2021-02-12HDAL,2021-02-12HDAL,273.0
8388755,1.91,225.5,ATLANTA_HAWKS,SAN_ANTONIO_SPURS,1.75,2.11,2021-02-12,,ATLANTA_HAWKS,ATL,2021-02-12HATL,2021-02-12HATL,239.0
8388756,1.91,214.0,BOSTON_CELTICS,DETROIT_PISTONS,1.3,3.77,2021-02-12,,BOSTON_CELTICS,BOS,2021-02-12HBOS,2021-02-12HBOS,210.0
8388757,1.91,227.5,CHICAGO_BULLS,LA_CLIPPERS,3.38,1.35,2021-02-12,,CHICAGO_BULLS,CHI,2021-02-12HCHI,2021-02-12HCHI,231.0
8388758,1.91,236.5,UTAH_JAZZ,MILWAUKEE_BUCKS,1.69,2.21,2021-02-12,,UTAH_JAZZ,UTA,2021-02-12HUTA,2021-02-12HUTA,244.0
8388759,1.91,223.0,DENVER_NUGGETS,OKLAHOMA_CITY,1.14,6.7,2021-02-12,,DENVER_NUGGETS,DEN,2021-02-12HDEN,2021-02-12HDEN,192.0
10485609,1.91,223.0,DENVER_NUGGETS,OKLAHOMA_CITY,1.14,6.70,2021-02-12,,DENVER_NUGGETS,DEN,2021-02-12HDEN,2021-02-12HDEN,192.0
10485911,1.91,222.5,PORTLAND_TRAIL_BLAZERS,CLEVELAND_CAVALIERS,1.58,2.43,2021-02-12,,PORTLAND_TRAIL_BLAZERS,POR,2021-02-12HPOR,2021-02-12HPOR,239.0
10485912,1.91,220.0,LA_LAKERS,MEMPHIS_GRIZZLIES,1.35,3.34,2021-02-12,,LA_LAKERS,LAL,2021-02-12HLAL,2021-02-12HLAL,220.0
10485913,1.91,223.5,SACRAMENTO_KINGS,ORLANDO_MAGIC,1.27,4.03,2021-02-12,,SACRAMENTO_KINGS,SAC,2021-02-12HSAC,2021-02-12HSAC,235.0
10485914,1.91,221.0,PHOENIX_SUNS,PHILADELPHIA_76ERS,1.81,2.03,2021-02-13,,PHOENIX_SUNS,PHX,2021-02-13HPHX,2021-02-13HPHX,231.0
10485915,1.91,224.5,ATLANTA_HAWKS,INDIANA_PACERS,2.03,1.81,2021-02-13,,ATLANTA_HAWKS,ATL,2021-02-13HATL,2021-02-13HATL,238.0
10485916,1.91,213.0,NEW_YORK_KNICKS,HOUSTON_ROCKETS,Closed,Closed,2021-02-13,,NEW_YORK_KNICKS,NYK,2021-02-13HNYK,2021-02-13HNYK,220.0
10485917,1.91,245.5,GOLDEN_STATE_WARRIORS,BROOKLYN_NETS,2.50,1.56,2021-02-13,,GOLDEN_STATE_WARRIORS,GSW,2021-02-13HGSW,2021-02-13HGSW,251.0
10485918,1.91,215.0,UTAH_JAZZ,MIAMI_HEAT,1.40,3.00,2021-02-13,,UTAH_JAZZ,UTA,2021-02-13HUTA,2021-02-13HUTA,206.0
10485919,1.91,230.5,TORONTO_RAPTORS,MINNESOTA_TIMBERWOLVES,1.24,4.20,2021-02-14,,TORONTO_RAPTORS,TOR,2021-02-14HTOR,2021-02-14HTOR,228.0
10485920,1.91,220.5,DETROIT_PISTONS,NEW_ORLEANS_PELICANS,2.60,1.52,2021-02-14,,DETROIT_PISTONS,DET,2021-02-14HDET,2021-02-14HDET,235.0
10485921,1.91,229.0,CHARLOTTE_HORNETS,SAN_ANTONIO_SPURS,2.11,1.75,2021-02-14,,CHARLOTTE_HORNETS,CHA,2021-02-14HCHA,2021-02-14HCHA,232.0
10485922,1.91,236.0,DALLAS_MAVERICKS,PORTLAND_TRAIL_BLAZERS,1.48,2.72,2021-02-14,,DALLAS_MAVERICKS,DAL,2021-02-14HDAL,2021-02-14HDAL,239.0
10485923,1.91,228.5,OKLAHOMA_CITY,MILWAUKEE_BUCKS,6.33,1.15,2021-02-14,,OKLAHOMA_CITY,OKC,2021-02-14HOKC,2021-02-14HOKC,223.0
10485924,1.91,213.0,PHOENIX_SUNS,ORLANDO_MAGIC,1.20,5.09,2021-02-14,,PHOENIX_SUNS,PHX,2021-02-14HPHX,2021-02-14HPHX,199.0
10485925,1.91,221.0,LA_CLIPPERS,CLEVELAND_CAVALIERS,1.16,5.98,2021-02-14,,LA_CLIPPERS,LAC,2021-02-14HLAC,2021-02-14HLAC,239.0
10485926,1.91,217.0,DENVER_NUGGETS,LA_LAKERS,2.40,1.61,2021-02-14,,DENVER_NUGGETS,DEN,2021-02-14HDEN,2021-02-14HDEN,227.0
10616666,1.91,217.0,DENVER_NUGGETS,LA_LAKERS,2.4,1.61,2021-02-14,,DENVER_NUGGETS,DEN,2021-02-14HDEN,2021-02-14HDEN,227.0
11534502,1.91,229.5,SACRAMENTO_KINGS,MEMPHIS_GRIZZLIES,1.95,1.87,2021-02-14,,SACRAMENTO_KINGS,SAC,2021-02-14HSAC,2021-02-14HSAC,234.0
11534503,1.91,224.5,INDIANA_PACERS,CHICAGO_BULLS,1.44,2.87,2021-02-15,,INDIANA_PACERS,IND,2021-02-15HIND,2021-02-15HIND,232.0
11534504,1.91,230.5,WASHINGTON_WIZARDS,HOUSTON_ROCKETS,2.02,1.81,2021-02-15,,WASHINGTON_WIZARDS,WAS,2021-02-15HWAS,2021-02-15HWAS,250.0
11534505,1.91,218.0,NEW_YORK_KNICKS,ATLANTA_HAWKS,2.11,1.75,2021-02-15,,NEW_YORK_KNICKS,NYK,2021-02-15HNYK,2021-02-15HNYK,235.0
11534506,1.91,225.5,UTAH_JAZZ,PHILADELPHIA_76ERS,1.32,3.54,2021-02-15,,UTAH_JAZZ,UTA,2021-02-15HUTA,2021-02-15HUTA,257.0
11534507,1.91,243.0,SACRAMENTO_KINGS,BROOKLYN_NETS,2.59,1.52,2021-02-15,,SACRAMENTO_KINGS,SAC,2021-02-15HSAC,2021-02-15HSAC,261.0
11534508,1.91,227.0,GOLDEN_STATE_WARRIORS,CLEVELAND_CAVALIERS,1.24,4.43,2021-02-15,,GOLDEN_STATE_WARRIORS,GSW,2021-02-15HGSW,2021-02-15HGSW,227.0
11534509,1.91,216.0,LA_CLIPPERS,MIAMI_HEAT,1.60,2.39,2021-02-15,,LA_CLIPPERS,LAC,2021-02-15HLAC,2021-02-15HLAC,243.0
11534510,1.91,221.0,BOSTON_CELTICS,DENVER_NUGGETS,1.78,2.08,2021-02-16,,BOSTON_CELTICS,BOS,2021-02-16HBOS,2021-02-16HBOS,211.0
11534511,1.91,231.5,MEMPHIS_GRIZZLIES,NEW_ORLEANS_PELICANS,Closed,Closed,2021-02-16,,MEMPHIS_GRIZZLIES,MEM,2021-02-16HMEM,2021-02-16HMEM,257.0
11534512,1.91,223.0,MINNESOTA_TIMBERWOLVES,LA_LAKERS,3.15,1.38,2021-02-16,,MINNESOTA_TIMBERWOLVES,MIN,2021-02-16HMIN,2021-02-16HMIN,216.0
11534513,1.91,225.0,OKLAHOMA_CITY,PORTLAND_TRAIL_BLAZERS,2.73,1.48,2021-02-16,,OKLAHOMA_CITY,OKC,2021-02-16HOKC,2021-02-16HOKC,219.0
11534514,1.91,236.0,MILWAUKEE_BUCKS,TORONTO_RAPTORS,1.40,3.03,2021-02-16,,MILWAUKEE_BUCKS,MIL,2021-02-16HMIL,2021-02-16HMIL,237.0
11534515,1.91,231.0,PHOENIX_SUNS,BROOKLYN_NETS,1.47,2.79,2021-02-16,,PHOENIX_SUNS,PHX,2021-02-16HPHX,2021-02-16HPHX,252.0
11534516,1.91,222.5,GOLDEN_STATE_WARRIORS,MIAMI_HEAT,1.83,2.00,2021-02-17,,GOLDEN_STATE_WARRIORS,GSW,2021-02-17HGSW,2021-02-17HGSW,232.0
11534517,1.91,228.5,LA_CLIPPERS,UTAH_JAZZ,3.15,1.39,2021-02-17,,LA_CLIPPERS,LAC,2021-02-17HLAC,2021-02-17HLAC,210.0
11534518,1.91,114.0,WASHINGTON_WIZARDS,DENVER_NUGGETS,Closed,Closed,2021-02-17,,WASHINGTON_WIZARDS,WAS,2021-02-17HWAS,2021-02-17HWAS,258.0
11534519,1.91,107.0,CHICAGO_BULLS,DETROIT_PISTONS,Closed,Closed,2021-02-17,,CHICAGO_BULLS,CHI,2021-02-17HCHI,2021-02-17HCHI,207.0
11534520,1.91,234.0,MILWAUKEE_BUCKS,TORONTO_RAPTORS,1.36,3.30,2021-02-18,,MILWAUKEE_BUCKS,MIL,2021-02-18HMIL,2021-02-18HMIL,206.0
11534521,1.91,230.0,LA_LAKERS,BROOKLYN_NETS,1.64,2.30,2021-02-18,,LA_LAKERS,LAL,2021-02-18HLAL,2021-02-18HLAL,207.0
11534522,1.91,226.0,SACRAMENTO_KINGS,MIAMI_HEAT,Closed,Closed,2021-02-18,,SACRAMENTO_KINGS,SAC,2021-02-18HSAC,2021-02-18HSAC,228.0
11534523,1.91,226.0,CLEVELAND_CAVALIERS,DENVER_NUGGETS,4.14,1.26,2021-02-19,,CLEVELAND_CAVALIERS,CLE,2021-02-19HCLE,2021-02-19HCLE,223.0
11534524,1.91,225.0,ORLANDO_MAGIC,GOLDEN_STATE_WARRIORS,2.75,1.47,2021-02-19,,ORLANDO_MAGIC,ORL,2021-02-19HORL,2021-02-19HORL,244.0
11534525,1.91,227.0,BOSTON_CELTICS,ATLANTA_HAWKS,1.45,2.80,2021-02-19,,BOSTON_CELTICS,BOS,2021-02-19HBOS,2021-02-19HBOS,230.0
11534526,1.91,227.5,PHILADELPHIA_76ERS,CHICAGO_BULLS,1.28,3.80,2021-02-19,,PHILADELPHIA_76ERS,PHI,2021-02-19HPHI,2021-02-19HPHI,217.0
11534527,1.91,219.5,MEMPHIS_GRIZZLIES,DETROIT_PISTONS,1.48,2.75,2021-02-19,,MEMPHIS_GRIZZLIES,MEM,2021-02-19HMEM,2021-02-19HMEM,204.0
11534528,1.91,231.5,MILWAUKEE_BUCKS,OKLAHOMA_CITY,1.21,4.83,2021-02-19,,MILWAUKEE_BUCKS,MIL,2021-02-19HMIL,2021-02-19HMIL,183.0
11534529,1.91,231.0,NEW_ORLEANS_PELICANS,PHOENIX_SUNS,2.42,1.58,2021-02-19,,NEW_ORLEANS_PELICANS,NOP,2021-02-19HNOP,2021-02-19HNOP,246.0
11534530,1.91,226.5,MINNESOTA_TIMBERWOLVES,TORONTO_RAPTORS,2.50,1.56,2021-02-19,,MINNESOTA_TIMBERWOLVES,MIN,2021-02-19HMIN,2021-02-19HMIN,167.0
11534531,1.91,224.5,LA_CLIPPERS,UTAH_JAZZ,2.80,1.45,2021-02-19,,LA_CLIPPERS,LAC,2021-02-19HLAC,2021-02-19HLAC,228.0
11534532,1.91,235.5,CHARLOTTE_HORNETS,GOLDEN_STATE_WARRIORS,2.13,1.74,2021-02-20,,CHARLOTTE_HORNETS,CHA,2021-02-20HCHA,2021-02-20HCHA,202.0
11534533,1.91,209.0,LA_LAKERS,MIAMI_HEAT,1.57,2.45,2021-02-20,,LA_LAKERS,LAL,2021-02-20HLAL,2021-02-20HLAL,190.0
11534534,1.91,223.5,MEMPHIS_GRIZZLIES,PHOENIX_SUNS,3.10,1.38,2021-02-20,,MEMPHIS_GRIZZLIES,MEM,2021-02-20HMEM,2021-02-20HMEM,225.0
11534535,1.91,236.0,CHICAGO_BULLS,SACRAMENTO_KINGS,2.06,1.79,2021-02-20,,CHICAGO_BULLS,CHI,2021-02-20HCHI,2021-02-20HCHI,236.0
11534536,1.91,242.5,PORTLAND_TRAIL_BLAZERS,WASHINGTON_WIZARDS,1.53,2.56,2021-02-20,,PORTLAND_TRAIL_BLAZERS,POR,2021-02-20HPOR,2021-02-20HPOR,229.0
11534537,1.91,226.5,HOUSTON_ROCKETS,CHICAGO_BULLS,2.00,1.83,2021-02-22,,HOUSTON_ROCKETS,HOU,2021-02-22HHOU,2021-02-22HHOU,220.0
11534538,1.91,228.0,UTAH_JAZZ,CHARLOTTE_HORNETS,1.13,6.79,2021-02-22,,UTAH_JAZZ,UTA,2021-02-22HUTA,2021-02-22HUTA,242.0
11534539,1.91,213.0,OKLAHOMA_CITY,MIAMI_HEAT,3.46,1.34,2021-02-22,,OKLAHOMA_CITY,OKC,2021-02-22HOKC,2021-02-22HOKC,202.0
11534540,1.91,227.0,PHOENIX_SUNS,PORTLAND_TRAIL_BLAZERS,1.40,3.09,2021-02-22,,PHOENIX_SUNS,PHX,2021-02-22HPHX,2021-02-22HPHX,232.0
11534541,1.91,229.0,LA_LAKERS,WASHINGTON_WIZARDS,1.38,3.19,2021-02-22,,LA_LAKERS,LAL,2021-02-22HLAL,2021-02-22HLAL,251.0
11534542,1.91,229.0,PHILADELPHIA_76ERS,DALLAS_MAVERICKS,1.49,2.72,2021-02-25,,PHILADELPHIA_76ERS,PHI,2021-02-25HPHI,2021-02-25HPHI,208.0
11534543,1.91,229.0,BROOKLYN_NETS,ORLANDO_MAGIC,1.26,4.14,2021-02-25,,BROOKLYN_NETS,BKN,2021-02-25HBKN,2021-02-25HBKN,221.0
11534544,1.91,224.5,NEW_YORK_KNICKS,SACRAMENTO_KINGS,1.78,2.06,2021-02-25,,NEW_YORK_KNICKS,NYK,2021-02-25HNYK,2021-02-25HNYK,261.0
11534545,1.91,225.5,MEMPHIS_GRIZZLIES,LA_CLIPPERS,3.84,1.29,2021-02-25,,MEMPHIS_GRIZZLIES,MEM,2021-02-25HMEM,2021-02-25HMEM,216.0
11534546,1.91,237.5,DENVER_NUGGETS,WASHINGTON_WIZARDS,1.33,3.53,2021-02-25,,DENVER_NUGGETS,DEN,2021-02-25HDEN,2021-02-25HDEN,222.0
11665198,1.91,237.5,DENVER_NUGGETS,WASHINGTON_WIZARDS,1.33,3.53,2021-02-25,,DENVER_NUGGETS,DEN,2021-02-25HDEN,2021-02-25HDEN,222.0
13631698,1.91,213.5,DETROIT_PISTONS,CLEVELAND_CAVALIERS,2.3,1.64,2021-04-19,,DETROIT_PISTONS,DET,2021-04-19HDET,2021-04-19HDET,214.0
13631699,1.91,214.5,BOSTON_CELTICS,CHICAGO_BULLS,1.37,3.2,2021-04-19,,BOSTON_CELTICS,BOS,2021-04-19HBOS,2021-04-19HBOS,198.0
13631700,1.91,223.5,PHILADELPHIA_76ERS,GOLDEN_STATE_WARRIORS,1.25,4.25,2021-04-19,,PHILADELPHIA_76ERS,PHI,2021-04-19HPHI,2021-04-19HPHI,203.0
13631701,1.91,216.5,MIAMI_HEAT,HOUSTON_ROCKETS,1.37,3.23,2021-04-19,,MIAMI_HEAT,MIA,2021-04-19HMIA,2021-04-19HMIA,204.0
13631702,1.91,232.0,WASHINGTON_WIZARDS,OKLAHOMA_CITY,1.13,6.78,2021-04-19,,WASHINGTON_WIZARDS,WAS,2021-04-19HWAS,2021-04-19HWAS,226.0
13631703,1.91,234.0,MILWAUKEE_BUCKS,PHOENIX_SUNS,1.68,2.22,2021-04-19,,MILWAUKEE_BUCKS,MIL,2021-04-19HMIL,2021-04-19HMIL,255.0
13631704,1.91,230.0,INDIANA_PACERS,SAN_ANTONIO_SPURS,2.02,1.81,2021-04-19,,INDIANA_PACERS,IND,2021-04-19HIND,2021-04-19HIND,203.0
13631705,1.91,226.5,DENVER_NUGGETS,MEMPHIS_GRIZZLIES,1.33,3.53,2021-04-19,,DENVER_NUGGETS,DEN,2021-04-19HDEN,2021-04-19HDEN,276.0
14680281,1.91,214.0,LA_LAKERS,UTAH_JAZZ,3.17,1.38,2021-04-19,,LA_LAKERS,LAL,2021-04-19HLAL,2021-04-19HLAL,208.0
14680282,1.91,235.0,NEW_ORLEANS_PELICANS,BROOKLYN_NETS,1.65,2.25,2021-04-20,,NEW_ORLEANS_PELICANS,NOP,2021-04-20HNOP,2021-04-20HNOP,263.0
14680283,1.91,208.5,NEW_YORK_KNICKS,CHARLOTTE_HORNETS,1.45,2.8,2021-04-20,,NEW_YORK_KNICKS,NYK,2021-04-20HNYK,2021-04-20HNYK,206.0
14680284,1.91,218.0,ATLANTA_HAWKS,ORLANDO_MAGIC,1.14,6.65,2021-04-20,,ATLANTA_HAWKS,ATL,2021-04-20HATL,2021-04-20HATL,208.0
14680285,1.91,223.0,PORTLAND_TRAIL_BLAZERS,LA_CLIPPERS,2.71,1.49,2021-04-20,,PORTLAND_TRAIL_BLAZERS,POR,2021-04-20HPOR,2021-04-20HPOR,225.0
14680286,1.91,239.0,SACRAMENTO_KINGS,MINNESOTA_TIMBERWOLVES,1.63,2.33,2021-04-20,,SACRAMENTO_KINGS,SAC,2021-04-20HSAC,2021-04-20HSAC,254.0
14680287,1.91,229.5,TORONTO_RAPTORS,BROOKLYN_NETS,1.55,2.52,2021-04-21,,TORONTO_RAPTORS,TOR,2021-04-21HTOR,2021-04-21HTOR,217.0
14680288,1.91,210.0,CLEVELAND_CAVALIERS,CHICAGO_BULLS,2.19,1.7,2021-04-21,,CLEVELAND_CAVALIERS,CLE,2021-04-21HCLE,2021-04-21HCLE,226.0
14680289,1.91,239.0,WASHINGTON_WIZARDS,GOLDEN_STATE_WARRIORS,2.12,1.74,2021-04-21,,WASHINGTON_WIZARDS,WAS,2021-04-21HWAS,2021-04-21HWAS,232.0
14680290,1.91,230.5,INDIANA_PACERS,OKLAHOMA_CITY,1.26,4.17,2021-04-21,,INDIANA_PACERS,IND,2021-04-21HIND,2021-04-21HIND,238.0
14680291,1.91,218.0,NEW_YORK_KNICKS,ATLANTA_HAWKS,2.08,1.77,2021-04-21,,NEW_YORK_KNICKS,NYK,2021-04-21HNYK,2021-04-21HNYK,264.0
14680292,1.91,225.5,HOUSTON_ROCKETS,UTAH_JAZZ,5.6,1.17,2021-04-21,,HOUSTON_ROCKETS,HOU,2021-04-21HHOU,2021-04-21HHOU,201.0
14680293,1.91,218.0,DALLAS_MAVERICKS,DETROIT_PISTONS,1.18,5.36,2021-04-21,,DALLAS_MAVERICKS,DAL,2021-04-21HDAL,2021-04-21HDAL,244.0
14680294,1.91,215.5,SAN_ANTONIO_SPURS,MIAMI_HEAT,1.87,1.95,2021-04-21,,SAN_ANTONIO_SPURS,SAS,2021-04-21HSAS,2021-04-21HSAS,194.0
14680295,1.91,230.0,PORTLAND_TRAIL_BLAZERS,DENVER_NUGGETS,1.98,1.85,2021-04-21,,PORTLAND_TRAIL_BLAZERS,POR,2021-04-21HPOR,2021-04-21HPOR,211.0
14680296,1.91,227.0,LA_CLIPPERS,MEMPHIS_GRIZZLIES,1.78,2.07,2021-04-21,,LA_CLIPPERS,LAC,2021-04-21HLAC,2021-04-21HLAC,222.0
14680297,1.91,239.5,SACRAMENTO_KINGS,MINNESOTA_TIMBERWOLVES,1.53,2.58,2021-04-21,,SACRAMENTO_KINGS,SAC,2021-04-21HSAC,2021-04-21HSAC,253.0
14680298,1.91,216.5,SAN_ANTONIO_SPURS,DETROIT_PISTONS,1.25,4.3,2021-04-22,,SAN_ANTONIO_SPURS,SAS,2021-04-22HSAS,2021-04-22HSAS,197.0
14680299,1.91,210.0,CHICAGO_BULLS,CHARLOTTE_HORNETS,1.83,2.01,2021-04-22,,CHICAGO_BULLS,CHI,2021-04-22HCHI,2021-04-22HCHI,199.0
14680300,1.91,216.0,DALLAS_MAVERICKS,LA_LAKERS,1.63,2.33,2021-04-22,,DALLAS_MAVERICKS,DAL,2021-04-22HDAL,2021-04-22HDAL,225.0
14680301,1.91,211.0,CHARLOTTE_HORNETS,CLEVELAND_CAVALIERS,1.83,2.0,2021-04-23,,CHARLOTTE_HORNETS,CHA,2021-04-23HCHA,2021-04-23HCHA,210.0
14680302,1.91,223.5,HOUSTON_ROCKETS,LA_CLIPPERS,4.71,1.22,2021-04-23,,HOUSTON_ROCKETS,HOU,2021-04-23HHOU,2021-04-23HHOU,213.0
14680303,1.91,232.0,OKLAHOMA_CITY,WASHINGTON_WIZARDS,4.42,1.24,2021-04-23,,OKLAHOMA_CITY,OKC,2021-04-23HOKC,2021-04-23HOKC,238.0
14680304,1.91,232.5,PORTLAND_TRAIL_BLAZERS,MEMPHIS_GRIZZLIES,1.56,2.5,2021-04-23,,PORTLAND_TRAIL_BLAZERS,POR,2021-04-23HPOR,2021-04-23HPOR,258.0
14680305,1.91,227.0,GOLDEN_STATE_WARRIORS,DENVER_NUGGETS,2.2,1.69,2021-04-23,,GOLDEN_STATE_WARRIORS,GSW,2021-04-23HGSW,2021-04-23HGSW,215.0
14680306,1.91,225.5,CHARLOTTE_HORNETS,MILWAUKEE_BUCKS,4.38,1.24,2021-04-27,,CHARLOTTE_HORNETS,CHA,2021-04-27HCHA,2021-04-27HCHA,218.0
14680307,1.91,215.5,BOSTON_CELTICS,OKLAHOMA_CITY,1.13,6.5,2021-04-27,,BOSTON_CELTICS,BOS,2021-04-27HBOS,2021-04-27HBOS,234.0
14680308,1.91,241.5,INDIANA_PACERS,PORTLAND_TRAIL_BLAZERS,2.9,1.43,2021-04-27,,INDIANA_PACERS,IND,2021-04-27HIND,2021-04-27HIND,245.0
14680309,1.91,232.5,TORONTO_RAPTORS,BROOKLYN_NETS,2.75,1.48,2021-04-27,,TORONTO_RAPTORS,TOR,2021-04-27HTOR,2021-04-27HTOR,219.0
14680310,1.91,234.0,HOUSTON_ROCKETS,MINNESOTA_TIMBERWOLVES,2.11,1.75,2021-04-27,,HOUSTON_ROCKETS,HOU,2021-04-27HHOU,2021-04-27HHOU,221.0
14680311,1.91,223.0,GOLDEN_STATE_WARRIORS,DALLAS_MAVERICKS,1.45,2.8,2021-04-27,,GOLDEN_STATE_WARRIORS,GSW,2021-04-27HGSW,2021-04-27HGSW,236.0
14680312,1.91,241.5,INDIANA_PACERS,BROOKLYN_NETS,2.69,1.49,2021-04-29,,INDIANA_PACERS,IND,2021-04-29HIND,2021-04-29HIND,243.0
14680313,1.91,213.0,DETROIT_PISTONS,DALLAS_MAVERICKS,3.53,1.33,2021-04-29,,DETROIT_PISTONS,DET,2021-04-29HDET,2021-04-29HDET,220.0
14680314,1.91,234.0,MINNESOTA_TIMBERWOLVES,GOLDEN_STATE_WARRIORS,2.5,1.57,2021-04-29,,MINNESOTA_TIMBERWOLVES,MIN,2021-04-29HMIN,2021-04-29HMIN,240.0
14680315,1.91,234.0,HOUSTON_ROCKETS,MILWAUKEE_BUCKS,7.14,1.13,2021-04-29,,HOUSTON_ROCKETS,HOU,2021-04-29HHOU,2021-04-29HHOU,279.0
14680316,1.91,231.5,OKLAHOMA_CITY,NEW_ORLEANS_PELICANS,4.18,1.26,2021-04-29,,OKLAHOMA_CITY,OKC,2021-04-29HOKC,2021-04-29HOKC,204.0
14680317,1.91,218.0,DENVER_NUGGETS,TORONTO_RAPTORS,1.55,2.51,2021-04-29,,DENVER_NUGGETS,DEN,2021-04-29HDEN,2021-04-29HDEN,232.0
15728893,1.91,234.0,BOSTON_CELTICS,PORTLAND_TRAIL_BLAZERS,1.95,1.87,2021-05-02,,BOSTON_CELTICS,BOS,2021-05-02HBOS,2021-05-02HBOS,248.0
15728894,1.91,211.5,CHARLOTTE_HORNETS,MIAMI_HEAT,2.78,1.47,2021-05-02,,CHARLOTTE_HORNETS,CHA,2021-05-02HCHA,2021-05-02HCHA,232.0
15728895,1.91,218.0,HOUSTON_ROCKETS,NEW_YORK_KNICKS,5.3,1.19,2021-05-02,,HOUSTON_ROCKETS,HOU,2021-05-02HHOU,2021-05-02HHOU,219.0
15728896,1.91,221.0,SAN_ANTONIO_SPURS,PHILADELPHIA_76ERS,2.97,1.42,2021-05-02,,SAN_ANTONIO_SPURS,SAS,2021-05-02HSAS,2021-05-02HSAS,224.0
15728897,1.91,222.5,OKLAHOMA_CITY,PHOENIX_SUNS,9.15,1.09,2021-05-02,,OKLAHOMA_CITY,OKC,2021-05-02HOKC,2021-05-02HOKC,243.0
15728898,1.91,227.0,DALLAS_MAVERICKS,SACRAMENTO_KINGS,1.38,3.2,2021-05-02,,DALLAS_MAVERICKS,DAL,2021-05-02HDAL,2021-05-02HDAL,210.0
15728899,1.91,217.0,LA_LAKERS,TORONTO_RAPTORS,1.29,3.85,2021-05-02,,LA_LAKERS,LAL,2021-05-02HLAL,2021-05-02HLAL,235.0
15728900,1.91,246.0,WASHINGTON_WIZARDS,INDIANA_PACERS,1.51,2.62,2021-05-03,,WASHINGTON_WIZARDS,WAS,2021-05-03HWAS,2021-05-03HWAS,295.0
15728901,1.91,211.0,DETROIT_PISTONS,ORLANDO_MAGIC,1.75,2.12,2021-05-03,,DETROIT_PISTONS,DET,2021-05-03HDET,2021-05-03HDET,231.0
15728902,1.91,236.5,NEW_ORLEANS_PELICANS,GOLDEN_STATE_WARRIORS,1.69,2.21,2021-05-03,,NEW_ORLEANS_PELICANS,NOP,2021-05-03HNOP,2021-05-03HNOP,231.0
15728903,1.91,236.0,ATLANTA_HAWKS,PORTLAND_TRAIL_BLAZERS,1.69,2.2,2021-05-03,,ATLANTA_HAWKS,ATL,2021-05-03HATL,2021-05-03HATL,237.0
15728904,1.91,221.0,MEMPHIS_GRIZZLIES,NEW_YORK_KNICKS,1.63,2.32,2021-05-03,,MEMPHIS_GRIZZLIES,MEM,2021-05-03HMEM,2021-05-03HMEM,222.0
15728905,1.91,212.0,CHICAGO_BULLS,PHILADELPHIA_76ERS,2.98,1.42,2021-05-03,,CHICAGO_BULLS,CHI,2021-05-03HCHI,2021-05-03HCHI,200.0
15728906,1.91,213.5,LA_LAKERS,DENVER_NUGGETS,2.61,1.52,2021-05-03,,LA_LAKERS,LAL,2021-05-03HLAL,2021-05-03HLAL,182.0
15728907,1.91,220.5,UTAH_JAZZ,SAN_ANTONIO_SPURS,1.32,3.54,2021-05-03,,UTAH_JAZZ,UTA,2021-05-03HUTA,2021-05-03HUTA,209.0
15728908,1.91,218.0,PHILADELPHIA_76ERS,DETROIT_PISTONS,1.19,5.26,2021-05-08,,PHILADELPHIA_76ERS,PHI,2021-05-08HPHI,2021-05-08HPHI,222.0
15728909,1.91,249.0,INDIANA_PACERS,WASHINGTON_WIZARDS,2.38,1.6,2021-05-08,,INDIANA_PACERS,IND,2021-05-08HIND,2021-05-08HIND,265.0
15728910,1.91,227.0,TORONTO_RAPTORS,MEMPHIS_GRIZZLIES,2.86,1.45,2021-05-08,,TORONTO_RAPTORS,TOR,2021-05-08HTOR,2021-05-08HTOR,208.0
15728911,1.91,232.0,DENVER_NUGGETS,BROOKLYN_NETS,2.41,1.59,2021-05-08,,DENVER_NUGGETS,DEN,2021-05-08HDEN,2021-05-08HDEN,244.0
17826063,1.91,226.0,UTAH_JAZZ,HOUSTON_ROCKETS,1.09,9.26,2021-05-08,,UTAH_JAZZ,UTA,2021-05-08HUTA,2021-05-08HUTA,240.0
17826064,1.91,224.5,GOLDEN_STATE_WARRIORS,OKLAHOMA_CITY,1.1,8.34,2021-05-08,,GOLDEN_STATE_WARRIORS,GSW,2021-05-08HGSW,2021-05-08HGSW,233.0
17826065,1.91,232.5,PORTLAND_TRAIL_BLAZERS,SAN_ANTONIO_SPURS,1.42,2.98,2021-05-08,,PORTLAND_TRAIL_BLAZERS,POR,2021-05-08HPOR,2021-05-08HPOR,226.0
17826066,1.91,223.0,CHARLOTTE_HORNETS,DENVER_NUGGETS,2.86,1.45,2021-05-11,,CHARLOTTE_HORNETS,CHA,2021-05-11HCHA,2021-05-11HCHA,229.0
17826067,1.91,228.0,DETROIT_PISTONS,MINNESOTA_TIMBERWOLVES,3.4,1.33,2021-05-11,,DETROIT_PISTONS,DET,2021-05-11HDET,2021-05-11HDET,219.0
17826068,1.91,217.5,TORONTO_RAPTORS,LA_CLIPPERS,7.66,1.11,2021-05-11,,TORONTO_RAPTORS,TOR,2021-05-11HTOR,2021-05-11HTOR,211.0
17826069,1.91,225.0,BOSTON_CELTICS,MIAMI_HEAT,2.04,1.8,2021-05-11,,BOSTON_CELTICS,BOS,2021-05-11HBOS,2021-05-11HBOS,250.0
17826070,1.91,233.5,CHICAGO_BULLS,BROOKLYN_NETS,2.63,1.51,2021-05-11,,CHICAGO_BULLS,CHI,2021-05-11HCHI,2021-05-11HCHI,222.0
17826071,1.91,227.5,MEMPHIS_GRIZZLIES,DALLAS_MAVERICKS,2.13,1.74,2021-05-11,,MEMPHIS_GRIZZLIES,MEM,2021-05-11HMEM,2021-05-11HMEM,237.0
17826072,1.91,234.0,INDIANA_PACERS,PHILADELPHIA_76ERS,2.84,1.45,2021-05-11,,INDIANA_PACERS,IND,2021-05-11HIND,2021-05-11HIND,197.0
17826073,1.91,229.0,MILWAUKEE_BUCKS,ORLANDO_MAGIC,1.11,7.64,2021-05-11,,MILWAUKEE_BUCKS,MIL,2021-05-11HMIL,2021-05-11HMIL,216.0
17826074,1.91,212.5,LA_LAKERS,NEW_YORK_KNICKS,1.65,2.29,2021-05-11,,LA_LAKERS,LAL,2021-05-11HLAL,2021-05-11HLAL,200.0
17826075,1.91,224.0,SACRAMENTO_KINGS,OKLAHOMA_CITY,1.19,5.15,2021-05-11,,SACRAMENTO_KINGS,SAC,2021-05-11HSAC,2021-05-11HSAC,228.0
17826076,1.91,231.5,GOLDEN_STATE_WARRIORS,PHOENIX_SUNS,2.59,1.52,2021-05-11,,GOLDEN_STATE_WARRIORS,GSW,2021-05-11HGSW,2021-05-11HGSW,238.0
17826077,1.91,221.5,GOLDEN_STATE_WARRIORS,MEMPHIS_GRIZZLIES,1.46,2.79,2021-05-21,,GOLDEN_STATE_WARRIORS,GSW,2021-05-21HGSW,2021-05-21HGSW,229.0
17826078,1.91,226.0,MILWAUKEE_BUCKS,MIAMI_HEAT,1.46,2.86,2021-05-22,,MILWAUKEE_BUCKS,MIL,2021-05-22HMIL,2021-05-22HMIL,216.0
17826079,1.91,217.5,LA_CLIPPERS,DALLAS_MAVERICKS,1.43,2.93,2021-05-22,,LA_CLIPPERS,LAC,2021-05-22HLAC,2021-05-22HLAC,216.0
17826080,1.91,232.0,BROOKLYN_NETS,BOSTON_CELTICS,1.29,3.79,2021-05-22,,BROOKLYN_NETS,BKN,2021-05-22HBKN,2021-05-22HBKN,197.0
17826081,1.91,227.0,DENVER_NUGGETS,PORTLAND_TRAIL_BLAZERS,1.84,1.99,2021-05-22,,DENVER_NUGGETS,DEN,2021-05-22HDEN,2021-05-22HDEN,232.0
18874079,1.91,227.0,DENVER_NUGGETS,PORTLAND_TRAIL_BLAZERS,1.84,1.99,2021-05-22,,DENVER_NUGGETS,DEN,2021-05-22HDEN,2021-05-22HDEN,232.0
18874657,1.91,227.5,PHILADELPHIA_76ERS,WASHINGTON_WIZARDS,1.32,3.58,2021-05-23,,PHILADELPHIA_76ERS,PHI,2021-05-23HPHI,2021-05-23HPHI,243.0
18874658,1.91,213.0,PHOENIX_SUNS,LA_LAKERS,1.77,2.10,2021-05-23,,PHOENIX_SUNS,PHX,2021-05-23HPHX,2021-05-23HPHX,189.0
18874659,1.91,213.0,NEW_YORK_KNICKS,ATLANTA_HAWKS,Closed,Closed,2021-05-23,,NEW_YORK_KNICKS,NYK,2021-05-23HNYK,2021-05-23HNYK,212.0
18874660,1.91,217.0,UTAH_JAZZ,MEMPHIS_GRIZZLIES,1.25,4.23,2021-05-23,,UTAH_JAZZ,UTA,2021-05-23HUTA,2021-05-23HUTA,221.0
18874661,1.91,221.5,MIAMI_HEAT,MILWAUKEE_BUCKS,2.75,1.47,2021-05-29,,MIAMI_HEAT,MIA,2021-05-29HMIA,2021-05-29HMIA,223.0
18874662,1.91,227.5,PORTLAND_TRAIL_BLAZERS,DENVER_NUGGETS,1.50,2.68,2021-05-29,,PORTLAND_TRAIL_BLAZERS,POR,2021-05-29HPOR,2021-05-29HPOR,210.0
18874663,1.91,228.0,WASHINGTON_WIZARDS,PHILADELPHIA_76ERS,3.06,1.40,2021-05-29,,WASHINGTON_WIZARDS,WAS,2021-05-29HWAS,2021-05-29HWAS,235.0
18874664,1.91,224.0,MEMPHIS_GRIZZLIES,UTAH_JAZZ,2.78,1.47,2021-05-29,,MEMPHIS_GRIZZLIES,MEM,2021-05-29HMEM,2021-05-29HMEM,232.0
18874665,1.91,208.5,ATLANTA_HAWKS,NEW_YORK_KNICKS,1.48,2.75,2021-05-30,,ATLANTA_HAWKS,ATL,2021-05-30HATL,2021-05-30HATL,209.0
18874666,1.91,209.5,LA_LAKERS,PHOENIX_SUNS,1.35,3.32,2021-05-30,,LA_LAKERS,LAL,2021-05-30HLAL,2021-05-30HLAL,192.0
18874667,1.91,228.5,BOSTON_CELTICS,BROOKLYN_NETS,3.60,1.31,2021-05-30,,BOSTON_CELTICS,BOS,2021-05-30HBOS,2021-05-30HBOS,267.0
18874668,1.91,221.0,DALLAS_MAVERICKS,LA_CLIPPERS,2.32,1.63,2021-05-30,,DALLAS_MAVERICKS,DAL,2021-05-30HDAL,2021-05-30HDAL,187.0
18874669,1.91,230.0,WASHINGTON_WIZARDS,PHILADELPHIA_76ERS,4.15,1.24,2021-05-31,,WASHINGTON_WIZARDS,WAS,2021-05-31HWAS,2021-05-31HWAS,236.0
18874670,1.91,225.5,MEMPHIS_GRIZZLIES,UTAH_JAZZ,2.95,1.42,2021-05-31,,MEMPHIS_GRIZZLIES,MEM,2021-05-31HMEM,2021-05-31HMEM,233.0
18874671,1.91,234.0,BROOKLYN_NETS,BOSTON_CELTICS,1.13,6.81,2021-06-01,,BROOKLYN_NETS,BKN,2021-06-01HBKN,2021-06-01HBKN,232.0
18874672,1.91,226.0,DENVER_NUGGETS,PORTLAND_TRAIL_BLAZERS,1.76,2.05,2021-06-01,,DENVER_NUGGETS,DEN,2021-06-01HDEN,2021-06-01HDEN,287.0
19005136,1.91,226.0,DENVER_NUGGETS,PORTLAND_TRAIL_BLAZERS,1.76,2.05,2021-06-01,,DENVER_NUGGETS,DEN,2021-06-01HDEN,2021-06-01HDEN,287.0
19923248,1.91,207.5,PHOENIX_SUNS,LA_LAKERS,1.48,2.75,2021-06-01,,PHOENIX_SUNS,PHX,2021-06-01HPHX,2021-06-01HPHX,200.0
19923249,1.91,222.0,PHOENIX_SUNS,DENVER_NUGGETS,1.47,2.78,2021-06-07,,PHOENIX_SUNS,PHX,2021-06-07HPHX,2021-06-07HPHX,227.0
19923250,1.91,210.5,MIAMI_HEAT,UTAH_JAZZ,1.8,2.04,2021-11-06,,MIAMI_HEAT,MIA,2021-11-06HMIA,2021-11-06HMIA,233.0
19923251,1.91,216.0,CHICAGO_BULLS,PHILADELPHIA_76ERS,1.56,2.48,2021-11-06,,CHICAGO_BULLS,CHI,2021-11-06HCHI,2021-11-06HCHI,219.0
19923252,1.91,209.5,DALLAS_MAVERICKS,BOSTON_CELTICS,1.64,2.3,2021-11-06,,DALLAS_MAVERICKS,DAL,2021-11-06HDAL,2021-11-06HDAL,211.0
19923253,1.91,221.5,PHOENIX_SUNS,ATLANTA_HAWKS,1.58,2.44,2021-11-06,,PHOENIX_SUNS,PHX,2021-11-06HPHX,2021-11-06HPHX,238.0
19923254,1.91,223.5,PORTLAND_TRAIL_BLAZERS,LA_LAKERS,1.45,2.83,2021-11-06,,PORTLAND_TRAIL_BLAZERS,POR,2021-11-06HPOR,2021-11-06HPOR,195.0
19923255,1.91,207.5,NEW_YORK_KNICKS,CLEVELAND_CAVALIERS,1.32,3.59,2021-11-07,,NEW_YORK_KNICKS,NYK,2021-11-07HNYK,2021-11-07HNYK,235.0
19923256,1.91,225.5,SACRAMENTO_KINGS,INDIANA_PACERS,1.69,2.2,2021-11-07,,SACRAMENTO_KINGS,SAC,2021-11-07HSAC,2021-11-07HSAC,185.0
19923257,1.91,219.0,WASHINGTON_WIZARDS,MILWAUKEE_BUCKS,1.96,1.86,2021-11-07,,WASHINGTON_WIZARDS,WAS,2021-11-07HWAS,2021-11-07HWAS,195.0
19923258,1.91,211.0,ORLANDO_MAGIC,UTAH_JAZZ,5.57,1.17,2021-11-07,,ORLANDO_MAGIC,ORL,2021-11-07HORL,2021-11-07HORL,207.0
19923259,1.91,213.5,OKLAHOMA_CITY,SAN_ANTONIO_SPURS,2.42,1.58,2021-11-07,,OKLAHOMA_CITY,OKC,2021-11-07HOKC,2021-11-07HOKC,193.0
19923260,1.91,219.5,GOLDEN_STATE_WARRIORS,HOUSTON_ROCKETS,1.14,6.52,2021-11-07,,GOLDEN_STATE_WARRIORS,GSW,2021-11-07HGSW,2021-11-07HGSW,227.0
19923261,1.91,224.5,LA_CLIPPERS,CHARLOTTE_HORNETS,1.42,2.98,2021-11-07,,LA_CLIPPERS,LAC,2021-11-07HLAC,2021-11-07HLAC,226.0
19923262,1.91,214.0,PHILADELPHIA_76ERS,NEW_YORK_KNICKS,1.91,1.91,2021-11-08,,PHILADELPHIA_76ERS,PHI,2021-11-08HPHI,2021-11-08HPHI,199.0
19923263,1.91,216.0,CHICAGO_BULLS,BROOKLYN_NETS,1.79,2.05,2021-11-08,,CHICAGO_BULLS,CHI,2021-11-08HCHI,2021-11-08HCHI,213.0
19923264,1.91,217.5,MEMPHIS_GRIZZLIES,MINNESOTA_TIMBERWOLVES,1.42,2.98,2021-11-08,,MEMPHIS_GRIZZLIES,MEM,2021-11-08HMEM,2021-11-08HMEM,243.0
19923265,1.91,214.0,DALLAS_MAVERICKS,NEW_ORLEANS_PELICANS,1.28,3.92,2021-11-08,,DALLAS_MAVERICKS,DAL,2021-11-08HDAL,2021-11-08HDAL,200.0
19923266,1.91,204.5,DENVER_NUGGETS,MIAMI_HEAT,2.06,1.79,2021-11-08,,DENVER_NUGGETS,DEN,2021-11-08HDEN,2021-11-08HDEN,209.0
20971198,1.91,204.5,DENVER_NUGGETS,MIAMI_HEAT,2.06,1.79,2021-11-08,,DENVER_NUGGETS,DEN,2021-11-08HDEN,2021-11-08HDEN,209.0
20971842,1.91,222.5,GOLDEN_STATE_WARRIORS,ATLANTA_HAWKS,1.60,2.38,2021-11-08,,GOLDEN_STATE_WARRIORS,GSW,2021-11-08HGSW,2021-11-08HGSW,240.0
20971843,1.91,226.5,SACRAMENTO_KINGS,PHOENIX_SUNS,2.29,1.65,2021-11-08,,SACRAMENTO_KINGS,SAC,2021-11-08HSAC,2021-11-08HSAC,213.0
20971844,1.91,227.0,LA_LAKERS,CHARLOTTE_HORNETS,1.79,2.05,2021-11-08,,LA_LAKERS,LAL,2021-11-08HLAL,2021-11-08HLAL,249.0
20971845,1.91,218.0,PHILADELPHIA_76ERS,MILWAUKEE_BUCKS,2.87,1.44,2021-11-09,,PHILADELPHIA_76ERS,PHI,2021-11-09HPHI,2021-11-09HPHI,227.0
20971846,1.91,222.5,UTAH_JAZZ,ATLANTA_HAWKS,1.30,3.76,2021-11-09,,UTAH_JAZZ,UTA,2021-11-09HUTA,2021-11-09HUTA,208.0
20971847,1.91,220.5,LA_CLIPPERS,PORTLAND_TRAIL_BLAZERS,1.64,2.30,2021-11-09,,LA_CLIPPERS,LAC,2021-11-09HLAC,2021-11-09HLAC,226.0
20971848,1.91,211.0,ORLANDO_MAGIC,BROOKLYN_NETS,4.20,1.26,2021-11-10,,ORLANDO_MAGIC,ORL,2021-11-10HORL,2021-11-10HORL,213.0
20971849,1.91,209.0,CLEVELAND_CAVALIERS,WASHINGTON_WIZARDS,2.34,1.62,2021-11-10,,CLEVELAND_CAVALIERS,CLE,2021-11-10HCLE,2021-11-10HCLE,191.0
20971850,1.91,210.0,HOUSTON_ROCKETS,DETROIT_PISTONS,1.65,2.29,2021-11-10,,HOUSTON_ROCKETS,HOU,2021-11-10HHOU,2021-11-10HHOU,216.0
20971851,1.91,217.0,NEW_YORK_KNICKS,MILWAUKEE_BUCKS,1.56,2.49,2021-11-10,,NEW_YORK_KNICKS,NYK,2021-11-10HNYK,2021-11-10HNYK,212.0
20971852,1.91,206.0,BOSTON_CELTICS,TORONTO_RAPTORS,1.75,2.11,2021-11-10,,BOSTON_CELTICS,BOS,2021-11-10HBOS,2021-11-10HBOS,192.0
20971853,1.91,229.0,MEMPHIS_GRIZZLIES,CHARLOTTE_HORNETS,1.51,2.64,2021-11-10,,MEMPHIS_GRIZZLIES,MEM,2021-11-10HMEM,2021-11-10HMEM,226.0
20971854,1.91,216.0,CHICAGO_BULLS,DALLAS_MAVERICKS,1.60,2.40,2021-11-10,,CHICAGO_BULLS,CHI,2021-11-10HCHI,2021-11-10HCHI,224.0
20971855,1.91,209.5,NEW_ORLEANS_PELICANS,OKLAHOMA_CITY,1.56,2.49,2021-11-10,,NEW_ORLEANS_PELICANS,NOP,2021-11-10HNOP,2021-11-10HNOP,208.0
20971856,1.91,223.0,SAN_ANTONIO_SPURS,SACRAMENTO_KINGS,Closed,Closed,2021-11-10,,SAN_ANTONIO_SPURS,SAS,2021-11-10HSAS,2021-11-10HSAS,253.0
20971857,1.91,205.5,DENVER_NUGGETS,INDIANA_PACERS,2.29,1.65,2021-11-10,,DENVER_NUGGETS,DEN,2021-11-10HDEN,2021-11-10HDEN,199.0
21102255,1.91,205.5,DENVER_NUGGETS,INDIANA_PACERS,2.29,1.65,2021-11-10,,DENVER_NUGGETS,DEN,2021-11-10HDEN,2021-11-10HDEN,199.0
22020433,1.91,224.0,PHOENIX_SUNS,PORTLAND_TRAIL_BLAZERS,1.48,2.75,2021-11-10,,PHOENIX_SUNS,PHX,2021-11-10HPHX,2021-11-10HPHX,228.0
22020434,1.91,213.5,LA_LAKERS,MIAMI_HEAT,2.59,1.52,2021-11-10,,LA_LAKERS,LAL,2021-11-10HLAL,2021-11-10HLAL,237.0
22020435,1.91,224.0,GOLDEN_STATE_WARRIORS,MINNESOTA_TIMBERWOLVES,1.34,3.42,2021-11-10,,GOLDEN_STATE_WARRIORS,GSW,2021-11-10HGSW,2021-11-10HGSW,233.0
22020436,1.91,211.0,PHILADELPHIA_76ERS,TORONTO_RAPTORS,1.57,2.46,2021-11-11,,PHILADELPHIA_76ERS,PHI,2021-11-11HPHI,2021-11-11HPHI,224.0
22020437,1.91,216.0,UTAH_JAZZ,INDIANA_PACERS,1.19,5.11,2021-11-11,,UTAH_JAZZ,UTA,2021-11-11HUTA,2021-11-11HUTA,211.0
22020438,1.91,211.5,LA_CLIPPERS,MIAMI_HEAT,1.49,2.7,2021-11-11,,LA_CLIPPERS,LAC,2021-11-11HLAC,2021-11-11HLAC,221.0
22020439,1.91,212.0,UTAH_JAZZ,MIAMI_HEAT,1.28,3.93,2021-11-13,,UTAH_JAZZ,UTA,2021-11-13HUTA,2021-11-13HUTA,216.0
22020440,1.91,218.5,NEW_ORLEANS_PELICANS,MEMPHIS_GRIZZLIES,2.53,1.54,2021-11-13,,NEW_ORLEANS_PELICANS,NOP,2021-11-13HNOP,2021-11-13HNOP,213.0
22020441,1.91,214.0,INDIANA_PACERS,PHILADELPHIA_76ERS,1.6,2.39,2021-11-13,,INDIANA_PACERS,IND,2021-11-13HIND,2021-11-13HIND,231.0
22020442,1.91,203.5,ORLANDO_MAGIC,WASHINGTON_WIZARDS,2.35,1.63,2021-11-13,,ORLANDO_MAGIC,ORL,2021-11-13HORL,2021-11-13HORL,196.0
22020443,1.91,201.5,TORONTO_RAPTORS,DETROIT_PISTONS,1.24,4.43,2021-11-13,,TORONTO_RAPTORS,TOR,2021-11-13HTOR,2021-11-13HTOR,248.0
22020444,1.91,201.0,CLEVELAND_CAVALIERS,BOSTON_CELTICS,2.09,1.76,2021-11-13,,CLEVELAND_CAVALIERS,CLE,2021-11-13HCLE,2021-11-13HCLE,180.0
22020445,1.91,220.5,LA_CLIPPERS,MINNESOTA_TIMBERWOLVES,1.36,3.28,2021-11-13,,LA_CLIPPERS,LAC,2021-11-13HLAC,2021-11-13HLAC,231.0
22020446,1.91,219.5,LA_LAKERS,SAN_ANTONIO_SPURS,1.64,2.3,2021-11-14,,LA_LAKERS,LAL,2021-11-14HLAL,2021-11-14HLAL,220.0
22020447,1.91,221.5,ATLANTA_HAWKS,MILWAUKEE_BUCKS,1.81,2.03,2021-11-14,,ATLANTA_HAWKS,ATL,2021-11-14HATL,2021-11-14HATL,220.0
22020448,1.91,216.0,OKLAHOMA_CITY,BROOKLYN_NETS,4.1,1.25,2021-11-14,,OKLAHOMA_CITY,OKC,2021-11-14HOKC,2021-11-14HOKC,216.0
22020449,1.91,227.0,CHARLOTTE_HORNETS,GOLDEN_STATE_WARRIORS,2.75,1.47,2021-11-14,,CHARLOTTE_HORNETS,CHA,2021-11-14HCHA,2021-11-14HCHA,208.0
22020450,1.91,221.0,HOUSTON_ROCKETS,PHOENIX_SUNS,4.0,1.26,2021-11-14,,HOUSTON_ROCKETS,HOU,2021-11-14HHOU,2021-11-14HHOU,204.0
22020451,1.91,208.0,DENVER_NUGGETS,PORTLAND_TRAIL_BLAZERS,1.36,3.22,2021-11-14,,DENVER_NUGGETS,DEN,2021-11-14HDEN,2021-11-14HDEN,219.0
22150813,1.91,208.0,DENVER_NUGGETS,PORTLAND_TRAIL_BLAZERS,1.36,3.22,2021-11-14,,DENVER_NUGGETS,DEN,2021-11-14HDEN,2021-11-14HDEN,219.0
22151523,1.91,217.0,LA_CLIPPERS,CHICAGO_BULLS,1.54,2.54,2021-11-14,,LA_CLIPPERS,LAC,2021-11-14HLAC,2021-11-14HLAC,190.0
22151524,1.91,211.0,NEW_YORK_KNICKS,INDIANA_PACERS,1.64,2.30,2021-11-15,,NEW_YORK_KNICKS,NYK,2021-11-15HNYK,2021-11-15HNYK,176.0
22151525,1.91,215.0,ATLANTA_HAWKS,ORLANDO_MAGIC,1.20,5.01,2021-11-15,,ATLANTA_HAWKS,ATL,2021-11-15HATL,2021-11-15HATL,240.0
22151526,1.91,208.5,DALLAS_MAVERICKS,DENVER_NUGGETS,1.46,2.80,2021-11-15,,DALLAS_MAVERICKS,DAL,2021-11-15HDAL,2021-11-15HDAL,212.0
22151527,1.91,219.0,MEMPHIS_GRIZZLIES,HOUSTON_ROCKETS,1.16,5.85,2021-11-15,,MEMPHIS_GRIZZLIES,MEM,2021-11-15HMEM,2021-11-15HMEM,238.0
22151528,1.91,207.0,OKLAHOMA_CITY,MIAMI_HEAT,3.09,1.40,2021-11-15,,OKLAHOMA_CITY,OKC,2021-11-15HOKC,2021-11-15HOKC,193.0
22151529,1.91,222.0,MINNESOTA_TIMBERWOLVES,PHOENIX_SUNS,2.55,1.54,2021-11-15,,MINNESOTA_TIMBERWOLVES,MIN,2021-11-15HMIN,2021-11-15HMIN,195.0
22151530,1.91,212.0,PORTLAND_TRAIL_BLAZERS,TORONTO_RAPTORS,1.79,2.06,2021-11-15,,PORTLAND_TRAIL_BLAZERS,POR,2021-11-15HPOR,2021-11-15HPOR,231.0
22151531,1.91,215.0,LA_LAKERS,CHICAGO_BULLS,2.07,1.78,2021-11-15,,LA_LAKERS,LAL,2021-11-15HLAL,2021-11-15HLAL,224.0
22151532,1.91,222.0,BROOKLYN_NETS,GOLDEN_STATE_WARRIORS,1.64,2.30,2021-11-16,,BROOKLYN_NETS,BKN,2021-11-16HBKN,2021-11-16HBKN,216.0
22151533,1.91,216.0,UTAH_JAZZ,PHILADELPHIA_76ERS,1.23,4.59,2021-11-16,,UTAH_JAZZ,UTA,2021-11-16HUTA,2021-11-16HUTA,205.0
22151534,1.91,220.0,LA_CLIPPERS,SAN_ANTONIO_SPURS,1.34,3.41,2021-11-16,,LA_CLIPPERS,LAC,2021-11-16HLAC,2021-11-16HLAC,198.0
22151535,1.91,205.0,DETROIT_PISTONS,INDIANA_PACERS,3.19,1.38,2021-11-17,,DETROIT_PISTONS,DET,2021-11-17HDET,2021-11-17HDET,186.0
22151536,1.91,220.5,CHARLOTTE_HORNETS,WASHINGTON_WIZARDS,1.87,1.95,2021-11-17,,CHARLOTTE_HORNETS,CHA,2021-11-17HCHA,2021-11-17HCHA,184.0
22151537,1.91,216.0,ATLANTA_HAWKS,BOSTON_CELTICS,1.50,2.68,2021-11-17,,ATLANTA_HAWKS,ATL,2021-11-17HATL,2021-11-17HATL,209.0
22151538,1.91,206.5,BROOKLYN_NETS,CLEVELAND_CAVALIERS,1.21,4.79,2021-11-17,,BROOKLYN_NETS,BKN,2021-11-17HBKN,2021-11-17HBKN,208.0
22151539,1.91,221.5,MILWAUKEE_BUCKS,LA_LAKERS,1.26,4.17,2021-11-17,,MILWAUKEE_BUCKS,MIL,2021-11-17HMIL,2021-11-17HMIL,211.0
22151540,1.91,213.0,MIAMI_HEAT,NEW_ORLEANS_PELICANS,1.31,3.69,2021-11-17,,MIAMI_HEAT,MIA,2021-11-17HMIA,2021-11-17HMIA,211.0
22151541,1.91,208.5,NEW_YORK_KNICKS,ORLANDO_MAGIC,1.14,6.25,2021-11-17,,NEW_YORK_KNICKS,NYK,2021-11-17HNYK,2021-11-17HNYK,202.0
22151542,1.91,213.5,OKLAHOMA_CITY,HOUSTON_ROCKETS,1.67,2.24,2021-11-17,,OKLAHOMA_CITY,OKC,2021-11-17HOKC,2021-11-17HOKC,190.0
22151543,1.91,227.0,MINNESOTA_TIMBERWOLVES,SACRAMENTO_KINGS,1.69,2.20,2021-11-17,,MINNESOTA_TIMBERWOLVES,MIN,2021-11-17HMIN,2021-11-17HMIN,204.0
22151544,1.91,219.5,PORTLAND_TRAIL_BLAZERS,CHICAGO_BULLS,1.80,2.02,2021-11-17,,PORTLAND_TRAIL_BLAZERS,POR,2021-11-17HPOR,2021-11-17HPOR,219.0
22151545,1.91,212.5,PHOENIX_SUNS,DALLAS_MAVERICKS,1.27,4.00,2021-11-17,,PHOENIX_SUNS,PHX,2021-11-17HPHX,2021-11-17HPHX,203.0
22151546,1.91,208.5,CLEVELAND_CAVALIERS,GOLDEN_STATE_WARRIORS,4.20,1.24,2021-11-18,,CLEVELAND_CAVALIERS,CLE,2021-11-18HCLE,2021-11-18HCLE,193.0
22151547,1.91,206.0,MIAMI_HEAT,WASHINGTON_WIZARDS,1.35,3.33,2021-11-18,,MIAMI_HEAT,MIA,2021-11-18HMIA,2021-11-18HMIA,209.0
22151548,1.91,221.0,MEMPHIS_GRIZZLIES,LA_CLIPPERS,Closed,Closed,2021-11-18,,MEMPHIS_GRIZZLIES,MEM,2021-11-18HMEM,2021-11-18HMEM,228.0
22151549,1.91,218.5,MINNESOTA_TIMBERWOLVES,SAN_ANTONIO_SPURS,1.74,2.13,2021-11-18,,MINNESOTA_TIMBERWOLVES,MIN,2021-11-18HMIN,2021-11-18HMIN,205.0
22151550,1.91,209.5,DENVER_NUGGETS,PHILADELPHIA_76ERS,1.32,3.55,2021-11-18,,DENVER_NUGGETS,DEN,2021-11-18HDEN,2021-11-18HDEN,192.0
22155646,1.91,214.5,UTAH_JAZZ,TORONTO_RAPTORS,1.21,4.88,2021-11-18,,UTAH_JAZZ,UTA,2021-11-18HUTA,2021-11-18HUTA,222.0
22155647,1.91,200.5,DETROIT_PISTONS,GOLDEN_STATE_WARRIORS,2.04,1.80,2021-11-19,,DETROIT_PISTONS,DET,2021-11-19HDET,2021-11-19HDET,207.0
22155648,1.91,216.0,CHARLOTTE_HORNETS,INDIANA_PACERS,1.85,1.97,2021-11-19,,CHARLOTTE_HORNETS,CHA,2021-11-19HCHA,2021-11-19HCHA,239.0
22155649,1.91,213.5,BOSTON_CELTICS,LA_LAKERS,1.71,2.18,2021-11-19,,BOSTON_CELTICS,BOS,2021-11-19HBOS,2021-11-19HBOS,238.0
22155650,1.91,210.5,BROOKLYN_NETS,ORLANDO_MAGIC,1.17,5.50,2021-11-19,,BROOKLYN_NETS,BKN,2021-11-19HBKN,2021-11-19HBKN,228.0
22155651,1.91,215.0,NEW_ORLEANS_PELICANS,LA_CLIPPERS,2.52,1.55,2021-11-19,,NEW_ORLEANS_PELICANS,NOP,2021-11-19HNOP,2021-11-19HNOP,175.0
22155652,1.91,216.0,MILWAUKEE_BUCKS,OKLAHOMA_CITY,1.13,6.92,2021-11-19,,MILWAUKEE_BUCKS,MIL,2021-11-19HMIL,2021-11-19HMIL,185.0
22155653,1.91,208.5,DENVER_NUGGETS,CHICAGO_BULLS,1.80,2.04,2021-11-19,,DENVER_NUGGETS,DEN,2021-11-19HDEN,2021-11-19HDEN,222.0
22156677,1.91,211.5,PHOENIX_SUNS,DALLAS_MAVERICKS,1.29,3.83,2021-11-19,,PHOENIX_SUNS,PHX,2021-11-19HPHX,2021-11-19HPHX,216.0
22156678,1.91,220.5,SACRAMENTO_KINGS,TORONTO_RAPTORS,1.60,2.39,2021-11-19,,SACRAMENTO_KINGS,SAC,2021-11-19HSAC,2021-11-19HSAC,197.0
22156679,1.91,213.5,NEW_YORK_KNICKS,HOUSTON_ROCKETS,1.16,5.88,2021-11-20,,NEW_YORK_KNICKS,NYK,2021-11-20HNYK,2021-11-20HNYK,205.0
22156680,1.91,209.5,WASHINGTON_WIZARDS,MIAMI_HEAT,2.01,1.82,2021-11-20,,WASHINGTON_WIZARDS,WAS,2021-11-20HWAS,2021-11-20HWAS,203.0
22156681,1.91,210.5,INDIANA_PACERS,NEW_ORLEANS_PELICANS,1.36,3.32,2021-11-20,,INDIANA_PACERS,IND,2021-11-20HIND,2021-11-20HIND,205.0
22156682,1.91,226.0,ATLANTA_HAWKS,CHARLOTTE_HORNETS,1.38,3.16,2021-11-20,,ATLANTA_HAWKS,ATL,2021-11-20HATL,2021-11-20HATL,220.0
22156683,1.91,207.5,BOSTON_CELTICS,OKLAHOMA_CITY,1.22,4.68,2021-11-20,,BOSTON_CELTICS,BOS,2021-11-20HBOS,2021-11-20HBOS,216.0
22156684,1.91,219.0,MINNESOTA_TIMBERWOLVES,MEMPHIS_GRIZZLIES,1.68,2.21,2021-11-20,,MINNESOTA_TIMBERWOLVES,MIN,2021-11-20HMIN,2021-11-20HMIN,233.0
22156685,1.91,215.5,MILWAUKEE_BUCKS,ORLANDO_MAGIC,1.18,5.41,2021-11-20,,MILWAUKEE_BUCKS,MIL,2021-11-20HMIL,2021-11-20HMIL,225.0
22156686,1.91,217.5,PORTLAND_TRAIL_BLAZERS,PHILADELPHIA_76ERS,1.40,3.06,2021-11-20,,PORTLAND_TRAIL_BLAZERS,POR,2021-11-20HPOR,2021-11-20HPOR,229.0
22156687,1.91,220.5,SACRAMENTO_KINGS,UTAH_JAZZ,3.53,1.33,2021-11-20,,SACRAMENTO_KINGS,SAC,2021-11-20HSAC,2021-11-20HSAC,228.0
22156688,1.91,211.5,LA_CLIPPERS,DALLAS_MAVERICKS,1.61,2.36,2021-11-21,,LA_CLIPPERS,LAC,2021-11-21HLAC,2021-11-21HLAC,188.0
22156689,1.91,211.0,DETROIT_PISTONS,LA_LAKERS,Closed,Closed,2021-11-21,,DETROIT_PISTONS,DET,2021-11-21HDET,2021-11-21HDET,237.0
22156690,1.91,209.0,PHOENIX_SUNS,DENVER_NUGGETS,1.29,3.82,2021-11-21,,PHOENIX_SUNS,PHX,2021-11-21HPHX,2021-11-21HPHX,223.0
22156691,1.91,211.0,CHICAGO_BULLS,NEW_YORK_KNICKS,1.45,2.84,2021-11-21,,CHICAGO_BULLS,CHI,2021-11-21HCHI,2021-11-21HCHI,212.0
22156692,1.91,217.5,GOLDEN_STATE_WARRIORS,TORONTO_RAPTORS,1.21,4.86,2021-11-21,,GOLDEN_STATE_WARRIORS,GSW,2021-11-21HGSW,2021-11-21HGSW,223.0
22156693,1.91,208.0,DETROIT_PISTONS,MIAMI_HEAT,4.38,1.24,2021-11-23,,DETROIT_PISTONS,DET,2021-11-23HDET,2021-11-23HDET,192.0
22156694,1.91,214.0,NEW_YORK_KNICKS,LA_LAKERS,1.39,3.13,2021-11-23,,NEW_YORK_KNICKS,NYK,2021-11-23HNYK,2021-11-23HNYK,206.0
22156695,1.91,214.5,PORTLAND_TRAIL_BLAZERS,DENVER_NUGGETS,1.38,3.20,2021-11-23,,PORTLAND_TRAIL_BLAZERS,POR,2021-11-23HPOR,2021-11-23HPOR,219.0
22156696,1.91,210.0,LA_CLIPPERS,DALLAS_MAVERICKS,1.57,2.46,2021-11-23,,LA_CLIPPERS,LAC,2021-11-23HLAC,2021-11-23HLAC,216.0
22156697,1.91,217.5,BOSTON_CELTICS,BROOKLYN_NETS,1.87,1.95,2021-11-24,,BOSTON_CELTICS,BOS,2021-11-24HBOS,2021-11-24HBOS,227.0
22156698,1.91,217.5,HOUSTON_ROCKETS,CHICAGO_BULLS,4.86,1.20,2021-11-24,,HOUSTON_ROCKETS,HOU,2021-11-24HHOU,2021-11-24HHOU,231.0
22156699,1.91,213.0,MILWAUKEE_BUCKS,DETROIT_PISTONS,1.07,9.50,2021-11-24,,MILWAUKEE_BUCKS,MIL,2021-11-24HMIL,2021-11-24HMIL,207.0
22156700,1.91,213.0,MINNESOTA_TIMBERWOLVES,MIAMI_HEAT,Closed,Closed,2021-11-24,,MINNESOTA_TIMBERWOLVES,MIN,2021-11-24HMIN,2021-11-24HMIN,214.0
22156701,1.91,218.0,MEMPHIS_GRIZZLIES,TORONTO_RAPTORS,1.59,2.41,2021-11-24,,MEMPHIS_GRIZZLIES,MEM,2021-11-24HMEM,2021-11-24HMEM,239.0
22156702,1.91,208.0,OKLAHOMA_CITY,UTAH_JAZZ,8.30,1.10,2021-11-24,,OKLAHOMA_CITY,OKC,2021-11-24HOKC,2021-11-24HOKC,214.0
22156703,1.91,210.5,NEW_ORLEANS_PELICANS,WASHINGTON_WIZARDS,2.55,1.54,2021-11-24,,NEW_ORLEANS_PELICANS,NOP,2021-11-24HNOP,2021-11-24HNOP,229.0
22156704,1.91,223.5,SAN_ANTONIO_SPURS,ATLANTA_HAWKS,2.43,1.58,2021-11-24,,SAN_ANTONIO_SPURS,SAS,2021-11-24HSAS,2021-11-24HSAS,230.0
22156705,1.91,216.5,GOLDEN_STATE_WARRIORS,PHILADELPHIA_76ERS,1.20,5.01,2021-11-24,,GOLDEN_STATE_WARRIORS,GSW,2021-11-24HGSW,2021-11-24HGSW,212.0
22156706,1.91,225.0,SACRAMENTO_KINGS,PORTLAND_TRAIL_BLAZERS,2.09,1.76,2021-11-24,,SACRAMENTO_KINGS,SAC,2021-11-24HSAC,2021-11-24HSAC,246.0
22156707,1.91,215.5,LA_CLIPPERS,GOLDEN_STATE_WARRIORS,2.21,1.69,2021-11-28,,LA_CLIPPERS,LAC,2021-11-28HLAC,2021-11-28HLAC,195.0
22156708,1.91,216.5,INDIANA_PACERS,MILWAUKEE_BUCKS,2.13,1.74,2021-11-28,,INDIANA_PACERS,IND,2021-11-28HIND,2021-11-28HIND,218.0
22156709,1.91,209.0,TORONTO_RAPTORS,BOSTON_CELTICS,1.83,2.00,2021-11-28,,TORONTO_RAPTORS,TOR,2021-11-28HTOR,2021-11-28HTOR,206.0
22156710,1.91,222.5,MEMPHIS_GRIZZLIES,SACRAMENTO_KINGS,1.65,2.27,2021-11-28,,MEMPHIS_GRIZZLIES,MEM,2021-11-28HMEM,2021-11-28HMEM,229.0
22156711,1.91,215.0,LA_LAKERS,DETROIT_PISTONS,1.20,5.01,2021-11-28,,LA_LAKERS,LAL,2021-11-28HLAL,2021-11-28HLAL,216.0
22156712,1.91,206.0,MIAMI_HEAT,DENVER_NUGGETS,1.65,2.29,2021-11-29,,MIAMI_HEAT,MIA,2021-11-29HMIA,2021-11-29HMIA,231.0
22156713,1.91,223.0,CHICAGO_BULLS,CHARLOTTE_HORNETS,1.55,2.52,2021-11-29,,CHICAGO_BULLS,CHI,2021-11-29HCHI,2021-11-29HCHI,252.0
22156714,1.91,219.5,MINNESOTA_TIMBERWOLVES,INDIANA_PACERS,1.60,2.39,2021-11-29,,MINNESOTA_TIMBERWOLVES,MIN,2021-11-29HMIN,2021-11-29HMIN,198.0
22156715,1.91,217.0,HOUSTON_ROCKETS,OKLAHOMA_CITY,1.76,2.13,2021-11-29,,HOUSTON_ROCKETS,HOU,2021-11-29HHOU,2021-11-29HHOU,191.0
22156716,1.91,210.5,DALLAS_MAVERICKS,CLEVELAND_CAVALIERS,1.38,3.19,2021-11-29,,DALLAS_MAVERICKS,DAL,2021-11-29HDAL,2021-11-29HDAL,210.0
22156717,1.91,214.5,SAN_ANTONIO_SPURS,WASHINGTON_WIZARDS,2.31,1.64,2021-11-29,,SAN_ANTONIO_SPURS,SAS,2021-11-29HSAS,2021-11-29HSAS,215.0
22156718,1.91,223.0,UTAH_JAZZ,PORTLAND_TRAIL_BLAZERS,1.35,3.37,2021-11-29,,UTAH_JAZZ,UTA,2021-11-29HUTA,2021-11-29HUTA,236.0
22156719,1.91,211.0,LA_CLIPPERS,NEW_ORLEANS_PELICANS,1.35,3.36,2021-11-29,,LA_CLIPPERS,LAC,2021-11-29HLAC,2021-11-29HLAC,227.0
22156720,1.91,216.5,TORONTO_RAPTORS,MEMPHIS_GRIZZLIES,1.60,2.39,2021-11-30,,TORONTO_RAPTORS,TOR,2021-11-30HTOR,2021-11-30HTOR,189.0
22156721,1.91,216.5,BROOKLYN_NETS,NEW_YORK_KNICKS,1.35,3.35,2021-11-30,,BROOKLYN_NETS,BKN,2021-11-30HBKN,2021-11-30HBKN,222.0
22156722,1.91,215.0,PORTLAND_TRAIL_BLAZERS,DETROIT_PISTONS,1.24,4.41,2021-11-30,,PORTLAND_TRAIL_BLAZERS,POR,2021-11-30HPOR,2021-11-30HPOR,202.0
22156723,1.91,221.5,PHOENIX_SUNS,GOLDEN_STATE_WARRIORS,1.70,2.18,2021-11-30,,PHOENIX_SUNS,PHX,2021-11-30HPHX,2021-11-30HPHX,200.0
22156724,1.91,227.0,SACRAMENTO_KINGS,LA_LAKERS,2.51,1.55,2021-11-30,,SACRAMENTO_KINGS,SAC,2021-11-30HSAC,2021-11-30HSAC,209.0
22156725,1.91,210.0,NEW_YORK_KNICKS,CHICAGO_BULLS,2.09,1.76,2021-12-02,,NEW_YORK_KNICKS,NYK,2021-12-02HNYK,2021-12-02HNYK,234.0
22156726,1.91,216.0,TORONTO_RAPTORS,MILWAUKEE_BUCKS,2.67,1.50,2021-12-02,,TORONTO_RAPTORS,TOR,2021-12-02HTOR,2021-12-02HTOR,190.0
22156727,1.91,212.5,MEMPHIS_GRIZZLIES,OKLAHOMA_CITY,1.25,4.29,2021-12-02,,MEMPHIS_GRIZZLIES,MEM,2021-12-02HMEM,2021-12-02HMEM,231.0
22156728,1.91,207.5,PHOENIX_SUNS,DETROIT_PISTONS,1.15,6.07,2021-12-02,,PHOENIX_SUNS,PHX,2021-12-02HPHX,2021-12-02HPHX,217.0
22156729,1.91,216.0,PORTLAND_TRAIL_BLAZERS,SAN_ANTONIO_SPURS,1.52,2.61,2021-12-02,,PORTLAND_TRAIL_BLAZERS,POR,2021-12-02HPOR,2021-12-02HPOR,197.0
22156730,1.91,208.5,WASHINGTON_WIZARDS,CLEVELAND_CAVALIERS,1.64,2.30,2021-12-03,,WASHINGTON_WIZARDS,WAS,2021-12-03HWAS,,
22156731,1.91,206.5,INDIANA_PACERS,MIAMI_HEAT,1.46,2.82,2021-12-03,,INDIANA_PACERS,IND,2021-12-03HIND,,
22156732,1.91,222.5,BROOKLYN_NETS,MINNESOTA_TIMBERWOLVES,1.33,3.52,2021-12-03,,BROOKLYN_NETS,BKN,2021-12-03HBKN,,
22156733,1.91,216.0,ATLANTA_HAWKS,PHILADELPHIA_76ERS,1.79,2.06,2021-12-03,,ATLANTA_HAWKS,ATL,2021-12-03HATL,,
22156734,1.91,217.0,HOUSTON_ROCKETS,ORLANDO_MAGIC,1.68,2.22,2021-12-03,,HOUSTON_ROCKETS,HOU,2021-12-03HHOU,,
22156735,1.91,216.0,DALLAS_MAVERICKS,NEW_ORLEANS_PELICANS,1.37,3.22,2021-12-03,,DALLAS_MAVERICKS,DAL,2021-12-03HDAL,,
22156736,1.91,210.0,UTAH_JAZZ,BOSTON_CELTICS,1.29,3.80,2021-12-03,,UTAH_JAZZ,UTA,2021-12-03HUTA,,
22156737,1.91,218.5,LA_LAKERS,LA_CLIPPERS,1.73,2.14,2021-12-03,,LA_LAKERS,LAL,2021-12-03HLAL,,
22156738,1.91,216.0,GOLDEN_STATE_WARRIORS,PHOENIX_SUNS,1.35,3.35,2021-12-03,,GOLDEN_STATE_WARRIORS,GSW,2021-12-03HGSW,,
