,start_time,away_team,home_team,away_team_score,home_team_score,Season Year
0,2019-10-23 00:00:00+00:00,Team.NEW_ORLEANS_PELICANS,Team.TORONTO_RAPTORS,122,130,2020
1,2019-10-23 02:30:00+00:00,Team.LOS_ANGELES_LAKERS,Team.LOS_ANGELES_CLIPPERS,102,112,2020
2,2019-10-23 23:00:00+00:00,Team.CHICAGO_BULLS,Team.CHARLOTTE_HORNETS,125,126,2020
3,2019-10-23 23:00:00+00:00,Team.DETROIT_PISTONS,Team.INDIANA_PACERS,119,110,2020
4,2019-10-23 23:00:00+00:00,Team.CLEVELAND_CAVALIERS,Team.ORLANDO_MAGIC,85,94,2020
5,2019-10-23 23:30:00+00:00,Team.MINNESOTA_TIMBERWOLVES,Team.BROOKLYN_NETS,127,126,2020
6,2019-10-23 23:30:00+00:00,Team.MEMPHIS_GRIZZLIES,Team.MIAMI_HEAT,101,120,2020
7,2019-10-23 23:30:00+00:00,Team.BOSTON_CELTICS,Team.PHILADELPHIA_76ERS,93,107,2020
8,2019-10-24 00:30:00+00:00,Team.WASHINGTON_WIZARDS,Team.DALLAS_MAVERICKS,100,108,2020
9,2019-10-24 00:30:00+00:00,Team.NEW_YORK_KNICKS,Team.SAN_ANTONIO_SPURS,111,120,2020
10,2019-10-24 01:00:00+00:00,Team.OKLAHOMA_CITY_THUNDER,Team.UTAH_JAZZ,95,100,2020
11,2019-10-24 02:00:00+00:00,Team.SACRAMENTO_KINGS,Team.PHOENIX_SUNS,95,124,2020
12,2019-10-24 02:00:00+00:00,Team.DENVER_NUGGETS,Team.PORTLAND_TRAIL_BLAZERS,108,100,2020
13,2019-10-24 23:00:00+00:00,Team.ATLANTA_HAWKS,Team.DETROIT_PISTONS,117,100,2020
14,2019-10-25 00:00:00+00:00,Team.MILWAUKEE_BUCKS,Team.HOUSTON_ROCKETS,117,111,2020
15,2019-10-25 02:30:00+00:00,Team.LOS_ANGELES_CLIPPERS,Team.GOLDEN_STATE_WARRIORS,141,122,2020
16,2019-10-25 23:00:00+00:00,Team.TORONTO_RAPTORS,Team.BOSTON_CELTICS,106,112,2020
17,2019-10-25 23:00:00+00:00,Team.MINNESOTA_TIMBERWOLVES,Team.CHARLOTTE_HORNETS,121,99,2020
18,2019-10-25 23:30:00+00:00,Team.NEW_YORK_KNICKS,Team.BROOKLYN_NETS,109,113,2020
19,2019-10-26 00:00:00+00:00,Team.CHICAGO_BULLS,Team.MEMPHIS_GRIZZLIES,110,102,2020
20,2019-10-26 00:00:00+00:00,Team.DALLAS_MAVERICKS,Team.NEW_ORLEANS_PELICANS,123,116,2020
21,2019-10-26 00:00:00+00:00,Team.WASHINGTON_WIZARDS,Team.OKLAHOMA_CITY_THUNDER,97,85,2020
22,2019-10-26 01:00:00+00:00,Team.PHOENIX_SUNS,Team.DENVER_NUGGETS,107,108,2020
23,2019-10-26 02:00:00+00:00,Team.PORTLAND_TRAIL_BLAZERS,Team.SACRAMENTO_KINGS,122,112,2020
24,2019-10-26 02:30:00+00:00,Team.UTAH_JAZZ,Team.LOS_ANGELES_LAKERS,86,95,2020
25,2019-10-26 21:00:00+00:00,Team.MIAMI_HEAT,Team.MILWAUKEE_BUCKS,131,126,2020
26,2019-10-26 23:00:00+00:00,Team.PHILADELPHIA_76ERS,Team.DETROIT_PISTONS,117,111,2020
27,2019-10-26 23:30:00+00:00,Team.ORLANDO_MAGIC,Team.ATLANTA_HAWKS,99,103,2020
28,2019-10-26 23:30:00+00:00,Team.BOSTON_CELTICS,Team.NEW_YORK_KNICKS,118,95,2020
29,2019-10-27 00:00:00+00:00,Team.TORONTO_RAPTORS,Team.CHICAGO_BULLS,108,84,2020
30,2019-10-27 00:00:00+00:00,Team.INDIANA_PACERS,Team.CLEVELAND_CAVALIERS,99,110,2020
31,2019-10-27 00:00:00+00:00,Team.NEW_ORLEANS_PELICANS,Team.HOUSTON_ROCKETS,123,126,2020
32,2019-10-27 00:30:00+00:00,Team.WASHINGTON_WIZARDS,Team.SAN_ANTONIO_SPURS,122,124,2020
33,2019-10-27 01:00:00+00:00,Team.SACRAMENTO_KINGS,Team.UTAH_JAZZ,81,113,2020
34,2019-10-27 02:00:00+00:00,Team.LOS_ANGELES_CLIPPERS,Team.PHOENIX_SUNS,122,130,2020
35,2019-10-27 19:30:00+00:00,Team.GOLDEN_STATE_WARRIORS,Team.OKLAHOMA_CITY_THUNDER,92,120,2020
36,2019-10-27 22:00:00+00:00,Team.BROOKLYN_NETS,Team.MEMPHIS_GRIZZLIES,133,134,2020
37,2019-10-27 23:00:00+00:00,Team.PORTLAND_TRAIL_BLAZERS,Team.DALLAS_MAVERICKS,121,119,2020
38,2019-10-27 23:00:00+00:00,Team.MIAMI_HEAT,Team.MINNESOTA_TIMBERWOLVES,109,116,2020
39,2019-10-28 01:30:00+00:00,Team.CHARLOTTE_HORNETS,Team.LOS_ANGELES_LAKERS,101,120,2020
40,2019-10-28 23:00:00+00:00,Team.CHICAGO_BULLS,Team.NEW_YORK_KNICKS,98,105,2020
41,2019-10-28 23:00:00+00:00,Team.INDIANA_PACERS,Team.DETROIT_PISTONS,94,96,2020
42,2019-10-28 23:30:00+00:00,Team.ORLANDO_MAGIC,Team.TORONTO_RAPTORS,95,104,2020
43,2019-10-28 23:30:00+00:00,Team.PHILADELPHIA_76ERS,Team.ATLANTA_HAWKS,105,103,2020
44,2019-10-29 00:00:00+00:00,Team.OKLAHOMA_CITY_THUNDER,Team.HOUSTON_ROCKETS,112,116,2020
45,2019-10-29 00:00:00+00:00,Team.CLEVELAND_CAVALIERS,Team.MILWAUKEE_BUCKS,112,129,2020
46,2019-10-29 00:00:00+00:00,Team.GOLDEN_STATE_WARRIORS,Team.NEW_ORLEANS_PELICANS,134,123,2020
47,2019-10-29 00:30:00+00:00,Team.PORTLAND_TRAIL_BLAZERS,Team.SAN_ANTONIO_SPURS,110,113,2020
48,2019-10-29 02:00:00+00:00,Team.UTAH_JAZZ,Team.PHOENIX_SUNS,96,95,2020
49,2019-10-29 02:00:00+00:00,Team.DENVER_NUGGETS,Team.SACRAMENTO_KINGS,101,94,2020
50,2019-10-29 02:30:00+00:00,Team.CHARLOTTE_HORNETS,Team.LOS_ANGELES_CLIPPERS,96,111,2020
51,2019-10-29 23:30:00+00:00,Team.ATLANTA_HAWKS,Team.MIAMI_HEAT,97,112,2020
52,2019-10-30 01:00:00+00:00,Team.DALLAS_MAVERICKS,Team.DENVER_NUGGETS,109,106,2020
53,2019-10-30 02:30:00+00:00,Team.MEMPHIS_GRIZZLIES,Team.LOS_ANGELES_LAKERS,91,120,2020
54,2019-10-30 23:00:00+00:00,Team.CHICAGO_BULLS,Team.CLEVELAND_CAVALIERS,111,117,2020
55,2019-10-30 23:00:00+00:00,Team.NEW_YORK_KNICKS,Team.ORLANDO_MAGIC,83,95,2020
56,2019-10-30 23:00:00+00:00,Team.MINNESOTA_TIMBERWOLVES,Team.PHILADELPHIA_76ERS,95,117,2020
57,2019-10-30 23:30:00+00:00,Team.MILWAUKEE_BUCKS,Team.BOSTON_CELTICS,105,116,2020
58,2019-10-30 23:30:00+00:00,Team.INDIANA_PACERS,Team.BROOKLYN_NETS,118,108,2020
59,2019-10-30 23:30:00+00:00,Team.DETROIT_PISTONS,Team.TORONTO_RAPTORS,113,125,2020
60,2019-10-31 00:00:00+00:00,Team.PORTLAND_TRAIL_BLAZERS,Team.OKLAHOMA_CITY_THUNDER,102,99,2020
61,2019-10-31 00:00:00+00:00,Team.HOUSTON_ROCKETS,Team.WASHINGTON_WIZARDS,159,158,2020
62,2019-10-31 02:00:00+00:00,Team.CHARLOTTE_HORNETS,Team.SACRAMENTO_KINGS,118,111,2020
63,2019-10-31 02:00:00+00:00,Team.LOS_ANGELES_CLIPPERS,Team.UTAH_JAZZ,96,110,2020
64,2019-10-31 02:30:00+00:00,Team.PHOENIX_SUNS,Team.GOLDEN_STATE_WARRIORS,121,110,2020
65,2019-10-31 23:00:00+00:00,Team.MIAMI_HEAT,Team.ATLANTA_HAWKS,106,97,2020
66,2019-11-01 01:30:00+00:00,Team.DENVER_NUGGETS,Team.NEW_ORLEANS_PELICANS,107,122,2020
67,2019-11-01 02:30:00+00:00,Team.SAN_ANTONIO_SPURS,Team.LOS_ANGELES_CLIPPERS,97,103,2020
68,2019-11-01 23:00:00+00:00,Team.HOUSTON_ROCKETS,Team.BROOKLYN_NETS,116,123,2020
69,2019-11-01 23:00:00+00:00,Team.CLEVELAND_CAVALIERS,Team.INDIANA_PACERS,95,102,2020
70,2019-11-01 23:00:00+00:00,Team.MILWAUKEE_BUCKS,Team.ORLANDO_MAGIC,123,91,2020
71,2019-11-01 23:30:00+00:00,Team.NEW_YORK_KNICKS,Team.BOSTON_CELTICS,102,104,2020
72,2019-11-02 00:00:00+00:00,Team.DETROIT_PISTONS,Team.CHICAGO_BULLS,106,112,2020
73,2019-11-02 01:30:00+00:00,Team.LOS_ANGELES_LAKERS,Team.DALLAS_MAVERICKS,119,110,2020
74,2019-11-02 02:00:00+00:00,Team.UTAH_JAZZ,Team.SACRAMENTO_KINGS,101,102,2020
75,2019-11-02 02:30:00+00:00,Team.SAN_ANTONIO_SPURS,Team.GOLDEN_STATE_WARRIORS,127,110,2020
76,2019-11-02 21:00:00+00:00,Team.NEW_ORLEANS_PELICANS,Team.OKLAHOMA_CITY_THUNDER,104,115,2020
77,2019-11-02 23:00:00+00:00,Team.BROOKLYN_NETS,Team.DETROIT_PISTONS,109,113,2020
78,2019-11-02 23:00:00+00:00,Team.DENVER_NUGGETS,Team.ORLANDO_MAGIC,91,87,2020
79,2019-11-03 00:00:00+00:00,Team.PHOENIX_SUNS,Team.MEMPHIS_GRIZZLIES,114,105,2020
80,2019-11-03 00:00:00+00:00,Team.TORONTO_RAPTORS,Team.MILWAUKEE_BUCKS,105,115,2020
81,2019-11-03 00:00:00+00:00,Team.MINNESOTA_TIMBERWOLVES,Team.WASHINGTON_WIZARDS,131,109,2020
82,2019-11-03 00:30:00+00:00,Team.CHARLOTTE_HORNETS,Team.GOLDEN_STATE_WARRIORS,93,87,2020
83,2019-11-03 02:00:00+00:00,Team.PHILADELPHIA_76ERS,Team.PORTLAND_TRAIL_BLAZERS,129,128,2020
84,2019-11-03 22:00:00+00:00,Team.CHICAGO_BULLS,Team.INDIANA_PACERS,95,108,2020
85,2019-11-03 23:00:00+00:00,Team.HOUSTON_ROCKETS,Team.MIAMI_HEAT,100,129,2020
86,2019-11-03 23:00:00+00:00,Team.SACRAMENTO_KINGS,Team.NEW_YORK_KNICKS,113,92,2020
87,2019-11-04 00:00:00+00:00,Team.LOS_ANGELES_LAKERS,Team.SAN_ANTONIO_SPURS,103,96,2020
88,2019-11-04 00:30:00+00:00,Team.DALLAS_MAVERICKS,Team.CLEVELAND_CAVALIERS,131,111,2020
89,2019-11-04 02:00:00+00:00,Team.UTAH_JAZZ,Team.LOS_ANGELES_CLIPPERS,94,105,2020
90,2019-11-05 00:00:00+00:00,Team.DETROIT_PISTONS,Team.WASHINGTON_WIZARDS,99,115,2020
91,2019-11-05 00:30:00+00:00,Team.NEW_ORLEANS_PELICANS,Team.BROOKLYN_NETS,125,135,2020
92,2019-11-05 01:00:00+00:00,Team.HOUSTON_ROCKETS,Team.MEMPHIS_GRIZZLIES,107,100,2020
93,2019-11-05 01:00:00+00:00,Team.MILWAUKEE_BUCKS,Team.MINNESOTA_TIMBERWOLVES,134,106,2020
94,2019-11-05 02:00:00+00:00,Team.PHILADELPHIA_76ERS,Team.PHOENIX_SUNS,109,114,2020
95,2019-11-05 03:30:00+00:00,Team.PORTLAND_TRAIL_BLAZERS,Team.GOLDEN_STATE_WARRIORS,118,127,2020
96,2019-11-06 00:00:00+00:00,Team.INDIANA_PACERS,Team.CHARLOTTE_HORNETS,120,122,2020
97,2019-11-06 00:00:00+00:00,Team.BOSTON_CELTICS,Team.CLEVELAND_CAVALIERS,119,113,2020
98,2019-11-06 00:30:00+00:00,Team.SAN_ANTONIO_SPURS,Team.ATLANTA_HAWKS,100,108,2020
99,2019-11-06 01:00:00+00:00,Team.LOS_ANGELES_LAKERS,Team.CHICAGO_BULLS,118,112,2020
100,2019-11-06 01:00:00+00:00,Team.ORLANDO_MAGIC,Team.OKLAHOMA_CITY_THUNDER,94,102,2020
101,2019-11-06 02:00:00+00:00,Team.MIAMI_HEAT,Team.DENVER_NUGGETS,89,109,2020
102,2019-11-07 00:00:00+00:00,Team.NEW_YORK_KNICKS,Team.DETROIT_PISTONS,102,122,2020
103,2019-11-07 00:00:00+00:00,Team.WASHINGTON_WIZARDS,Team.INDIANA_PACERS,106,121,2020
104,2019-11-07 00:30:00+00:00,Team.CHICAGO_BULLS,Team.ATLANTA_HAWKS,113,93,2020
105,2019-11-07 00:30:00+00:00,Team.GOLDEN_STATE_WARRIORS,Team.HOUSTON_ROCKETS,112,129,2020
106,2019-11-07 00:30:00+00:00,Team.SACRAMENTO_KINGS,Team.TORONTO_RAPTORS,120,124,2020
107,2019-11-07 01:00:00+00:00,Team.MINNESOTA_TIMBERWOLVES,Team.MEMPHIS_GRIZZLIES,121,137,2020
108,2019-11-07 01:30:00+00:00,Team.ORLANDO_MAGIC,Team.DALLAS_MAVERICKS,106,107,2020
109,2019-11-07 02:00:00+00:00,Team.PHILADELPHIA_76ERS,Team.UTAH_JAZZ,104,106,2020
110,2019-11-07 03:00:00+00:00,Team.MILWAUKEE_BUCKS,Team.LOS_ANGELES_CLIPPERS,129,124,2020
111,2019-11-08 01:00:00+00:00,Team.BOSTON_CELTICS,Team.CHARLOTTE_HORNETS,108,87,2020
112,2019-11-08 01:30:00+00:00,Team.OKLAHOMA_CITY_THUNDER,Team.SAN_ANTONIO_SPURS,112,121,2020
113,2019-11-08 02:00:00+00:00,Team.MIAMI_HEAT,Team.PHOENIX_SUNS,124,108,2020
114,2019-11-08 03:30:00+00:00,Team.PORTLAND_TRAIL_BLAZERS,Team.LOS_ANGELES_CLIPPERS,101,107,2020
115,2019-11-09 00:00:00+00:00,Team.DETROIT_PISTONS,Team.INDIANA_PACERS,106,112,2020
116,2019-11-09 00:00:00+00:00,Team.MEMPHIS_GRIZZLIES,Team.ORLANDO_MAGIC,86,118,2020
117,2019-11-09 00:00:00+00:00,Team.CLEVELAND_CAVALIERS,Team.WASHINGTON_WIZARDS,113,100,2020
118,2019-11-09 00:30:00+00:00,Team.SACRAMENTO_KINGS,Team.ATLANTA_HAWKS,121,109,2020
119,2019-11-09 01:00:00+00:00,Team.GOLDEN_STATE_WARRIORS,Team.MINNESOTA_TIMBERWOLVES,119,125,2020
120,2019-11-09 01:00:00+00:00,Team.TORONTO_RAPTORS,Team.NEW_ORLEANS_PELICANS,122,104,2020
121,2019-11-09 01:30:00+00:00,Team.NEW_YORK_KNICKS,Team.DALLAS_MAVERICKS,106,102,2020
122,2019-11-09 02:00:00+00:00,Team.PHILADELPHIA_76ERS,Team.DENVER_NUGGETS,97,100,2020
123,2019-11-09 02:00:00+00:00,Team.MILWAUKEE_BUCKS,Team.UTAH_JAZZ,100,103,2020
124,2019-11-09 03:00:00+00:00,Team.BROOKLYN_NETS,Team.PORTLAND_TRAIL_BLAZERS,119,115,2020
125,2019-11-09 03:30:00+00:00,Team.MIAMI_HEAT,Team.LOS_ANGELES_LAKERS,80,95,2020
126,2019-11-09 22:00:00+00:00,Team.BOSTON_CELTICS,Team.SAN_ANTONIO_SPURS,135,115,2020
127,2019-11-10 00:00:00+00:00,Team.NEW_ORLEANS_PELICANS,Team.CHARLOTTE_HORNETS,115,110,2020
128,2019-11-10 01:00:00+00:00,Team.HOUSTON_ROCKETS,Team.CHICAGO_BULLS,117,94,2020
129,2019-11-10 01:00:00+00:00,Team.DALLAS_MAVERICKS,Team.MEMPHIS_GRIZZLIES,138,122,2020
130,2019-11-10 01:00:00+00:00,Team.GOLDEN_STATE_WARRIORS,Team.OKLAHOMA_CITY_THUNDER,108,114,2020
131,2019-11-10 20:30:00+00:00,Team.DENVER_NUGGETS,Team.MINNESOTA_TIMBERWOLVES,100,98,2020
132,2019-11-10 23:00:00+00:00,Team.INDIANA_PACERS,Team.ORLANDO_MAGIC,109,102,2020
133,2019-11-10 23:00:00+00:00,Team.CHARLOTTE_HORNETS,Team.PHILADELPHIA_76ERS,106,114,2020
134,2019-11-11 00:00:00+00:00,Team.MILWAUKEE_BUCKS,Team.OKLAHOMA_CITY_THUNDER,121,119,2020
135,2019-11-11 00:30:00+00:00,Team.CLEVELAND_CAVALIERS,Team.NEW_YORK_KNICKS,108,87,2020
136,2019-11-11 01:00:00+00:00,Team.BROOKLYN_NETS,Team.PHOENIX_SUNS,112,138,2020
137,2019-11-11 02:00:00+00:00,Team.ATLANTA_HAWKS,Team.PORTLAND_TRAIL_BLAZERS,113,124,2020
138,2019-11-11 02:30:00+00:00,Team.TORONTO_RAPTORS,Team.LOS_ANGELES_LAKERS,113,104,2020
139,2019-11-12 00:00:00+00:00,Team.MINNESOTA_TIMBERWOLVES,Team.DETROIT_PISTONS,120,114,2020
140,2019-11-12 00:30:00+00:00,Team.DALLAS_MAVERICKS,Team.BOSTON_CELTICS,106,116,2020
141,2019-11-12 00:30:00+00:00,Team.MEMPHIS_GRIZZLIES,Team.SAN_ANTONIO_SPURS,113,109,2020
142,2019-11-12 01:00:00+00:00,Team.HOUSTON_ROCKETS,Team.NEW_ORLEANS_PELICANS,122,116,2020
143,2019-11-12 03:30:00+00:00,Team.UTAH_JAZZ,Team.GOLDEN_STATE_WARRIORS,122,108,2020
144,2019-11-12 03:30:00+00:00,Team.TORONTO_RAPTORS,Team.LOS_ANGELES_CLIPPERS,88,98,2020
145,2019-11-13 00:00:00+00:00,Team.OKLAHOMA_CITY_THUNDER,Team.INDIANA_PACERS,85,111,2020
146,2019-11-13 00:00:00+00:00,Team.CLEVELAND_CAVALIERS,Team.PHILADELPHIA_76ERS,97,98,2020
147,2019-11-13 00:30:00+00:00,Team.DETROIT_PISTONS,Team.MIAMI_HEAT,108,117,2020
148,2019-11-13 01:00:00+00:00,Team.NEW_YORK_KNICKS,Team.CHICAGO_BULLS,102,120,2020
149,2019-11-13 02:00:00+00:00,Team.ATLANTA_HAWKS,Team.DENVER_NUGGETS,125,121,2020
150,2019-11-13 02:00:00+00:00,Team.LOS_ANGELES_LAKERS,Team.PHOENIX_SUNS,123,115,2020
151,2019-11-13 02:00:00+00:00,Team.BROOKLYN_NETS,Team.UTAH_JAZZ,114,119,2020
152,2019-11-13 03:00:00+00:00,Team.PORTLAND_TRAIL_BLAZERS,Team.SACRAMENTO_KINGS,99,107,2020
153,2019-11-14 00:00:00+00:00,Team.MEMPHIS_GRIZZLIES,Team.CHARLOTTE_HORNETS,119,117,2020
154,2019-11-14 00:00:00+00:00,Team.PHILADELPHIA_76ERS,Team.ORLANDO_MAGIC,97,112,2020
155,2019-11-14 00:30:00+00:00,Team.WASHINGTON_WIZARDS,Team.BOSTON_CELTICS,133,140,2020
156,2019-11-14 00:30:00+00:00,Team.LOS_ANGELES_CLIPPERS,Team.HOUSTON_ROCKETS,93,102,2020
157,2019-11-14 01:00:00+00:00,Team.SAN_ANTONIO_SPURS,Team.MINNESOTA_TIMBERWOLVES,114,129,2020
158,2019-11-14 03:00:00+00:00,Team.GOLDEN_STATE_WARRIORS,Team.LOS_ANGELES_LAKERS,94,120,2020
159,2019-11-14 03:00:00+00:00,Team.TORONTO_RAPTORS,Team.PORTLAND_TRAIL_BLAZERS,114,106,2020
160,2019-11-14 23:00:00+00:00,Team.MIAMI_HEAT,Team.CLEVELAND_CAVALIERS,108,97,2020
161,2019-11-15 01:00:00+00:00,Team.CHICAGO_BULLS,Team.MILWAUKEE_BUCKS,115,124,2020
162,2019-11-15 01:00:00+00:00,Team.LOS_ANGELES_CLIPPERS,Team.NEW_ORLEANS_PELICANS,127,132,2020
163,2019-11-15 01:00:00+00:00,Team.DALLAS_MAVERICKS,Team.NEW_YORK_KNICKS,103,106,2020
164,2019-11-15 02:00:00+00:00,Team.ATLANTA_HAWKS,Team.PHOENIX_SUNS,112,128,2020
165,2019-11-15 03:30:00+00:00,Team.BROOKLYN_NETS,Team.DENVER_NUGGETS,93,101,2020
166,2019-11-16 00:00:00+00:00,Team.DETROIT_PISTONS,Team.CHARLOTTE_HORNETS,106,109,2020
167,2019-11-16 00:00:00+00:00,Team.SAN_ANTONIO_SPURS,Team.ORLANDO_MAGIC,109,111,2020
168,2019-11-16 01:00:00+00:00,Team.INDIANA_PACERS,Team.HOUSTON_ROCKETS,102,111,2020
169,2019-11-16 01:00:00+00:00,Team.UTAH_JAZZ,Team.MEMPHIS_GRIZZLIES,106,107,2020
170,2019-11-16 01:00:00+00:00,Team.WASHINGTON_WIZARDS,Team.MINNESOTA_TIMBERWOLVES,137,116,2020
171,2019-11-16 01:00:00+00:00,Team.PHILADELPHIA_76ERS,Team.OKLAHOMA_CITY_THUNDER,119,127,2020
172,2019-11-16 03:30:00+00:00,Team.BOSTON_CELTICS,Team.GOLDEN_STATE_WARRIORS,105,100,2020
173,2019-11-16 03:30:00+00:00,Team.SACRAMENTO_KINGS,Team.LOS_ANGELES_LAKERS,97,99,2020
174,2019-11-16 23:00:00+00:00,Team.BROOKLYN_NETS,Team.CHICAGO_BULLS,117,111,2020
175,2019-11-17 00:00:00+00:00,Team.MILWAUKEE_BUCKS,Team.INDIANA_PACERS,102,83,2020
176,2019-11-17 00:30:00+00:00,Team.CHARLOTTE_HORNETS,Team.NEW_YORK_KNICKS,103,102,2020
177,2019-11-17 01:00:00+00:00,Team.NEW_ORLEANS_PELICANS,Team.MIAMI_HEAT,94,109,2020
178,2019-11-17 01:00:00+00:00,Team.HOUSTON_ROCKETS,Team.MINNESOTA_TIMBERWOLVES,125,105,2020
179,2019-11-17 01:30:00+00:00,Team.TORONTO_RAPTORS,Team.DALLAS_MAVERICKS,102,110,2020
180,2019-11-17 01:30:00+00:00,Team.PORTLAND_TRAIL_BLAZERS,Team.SAN_ANTONIO_SPURS,121,116,2020
181,2019-11-17 03:30:00+00:00,Team.ATLANTA_HAWKS,Team.LOS_ANGELES_CLIPPERS,101,150,2020
182,2019-11-17 20:00:00+00:00,Team.PHILADELPHIA_76ERS,Team.CLEVELAND_CAVALIERS,114,95,2020
183,2019-11-17 20:30:00+00:00,Team.BOSTON_CELTICS,Team.SACRAMENTO_KINGS,99,100,2020
184,2019-11-17 23:00:00+00:00,Team.DENVER_NUGGETS,Team.MEMPHIS_GRIZZLIES,131,114,2020
185,2019-11-17 23:00:00+00:00,Team.WASHINGTON_WIZARDS,Team.ORLANDO_MAGIC,121,125,2020
186,2019-11-18 00:00:00+00:00,Team.GOLDEN_STATE_WARRIORS,Team.NEW_ORLEANS_PELICANS,100,108,2020
187,2019-11-18 02:30:00+00:00,Team.ATLANTA_HAWKS,Team.LOS_ANGELES_LAKERS,101,122,2020
188,2019-11-19 00:00:00+00:00,Team.CLEVELAND_CAVALIERS,Team.NEW_YORK_KNICKS,105,123,2020
189,2019-11-19 00:30:00+00:00,Team.INDIANA_PACERS,Team.BROOKLYN_NETS,115,86,2020
190,2019-11-19 00:30:00+00:00,Team.CHARLOTTE_HORNETS,Team.TORONTO_RAPTORS,96,132,2020
191,2019-11-19 01:00:00+00:00,Team.MILWAUKEE_BUCKS,Team.CHICAGO_BULLS,115,101,2020
192,2019-11-19 01:00:00+00:00,Team.PORTLAND_TRAIL_BLAZERS,Team.HOUSTON_ROCKETS,108,132,2020
193,2019-11-19 01:30:00+00:00,Team.SAN_ANTONIO_SPURS,Team.DALLAS_MAVERICKS,110,117,2020
194,2019-11-19 02:00:00+00:00,Team.BOSTON_CELTICS,Team.PHOENIX_SUNS,99,85,2020
195,2019-11-19 02:00:00+00:00,Team.MINNESOTA_TIMBERWOLVES,Team.UTAH_JAZZ,112,102,2020
196,2019-11-19 03:30:00+00:00,Team.OKLAHOMA_CITY_THUNDER,Team.LOS_ANGELES_CLIPPERS,88,90,2020
197,2019-11-20 01:00:00+00:00,Team.GOLDEN_STATE_WARRIORS,Team.MEMPHIS_GRIZZLIES,114,95,2020
198,2019-11-20 01:00:00+00:00,Team.PORTLAND_TRAIL_BLAZERS,Team.NEW_ORLEANS_PELICANS,104,115,2020
199,2019-11-20 03:00:00+00:00,Team.PHOENIX_SUNS,Team.SACRAMENTO_KINGS,116,120,2020
200,2019-11-20 03:30:00+00:00,Team.OKLAHOMA_CITY_THUNDER,Team.LOS_ANGELES_LAKERS,107,112,2020
201,2019-11-21 00:00:00+00:00,Team.NEW_YORK_KNICKS,Team.PHILADELPHIA_76ERS,104,109,2020
202,2019-11-21 00:00:00+00:00,Team.SAN_ANTONIO_SPURS,Team.WASHINGTON_WIZARDS,132,138,2020
203,2019-11-21 00:30:00+00:00,Team.MILWAUKEE_BUCKS,Team.ATLANTA_HAWKS,135,127,2020
204,2019-11-21 00:30:00+00:00,Team.CHARLOTTE_HORNETS,Team.BROOKLYN_NETS,91,101,2020
205,2019-11-21 00:30:00+00:00,Team.GOLDEN_STATE_WARRIORS,Team.DALLAS_MAVERICKS,94,142,2020
206,2019-11-21 00:30:00+00:00,Team.CLEVELAND_CAVALIERS,Team.MIAMI_HEAT,100,124,2020
207,2019-11-21 00:30:00+00:00,Team.ORLANDO_MAGIC,Team.TORONTO_RAPTORS,97,113,2020
208,2019-11-21 01:00:00+00:00,Team.DETROIT_PISTONS,Team.CHICAGO_BULLS,89,109,2020
209,2019-11-21 01:00:00+00:00,Team.UTAH_JAZZ,Team.MINNESOTA_TIMBERWOLVES,103,95,2020
210,2019-11-21 02:00:00+00:00,Team.HOUSTON_ROCKETS,Team.DENVER_NUGGETS,95,105,2020
211,2019-11-21 03:00:00+00:00,Team.BOSTON_CELTICS,Team.LOS_ANGELES_CLIPPERS,104,107,2020
212,2019-11-22 01:00:00+00:00,Team.PORTLAND_TRAIL_BLAZERS,Team.MILWAUKEE_BUCKS,129,137,2020
213,2019-11-22 03:30:00+00:00,Team.NEW_ORLEANS_PELICANS,Team.PHOENIX_SUNS,124,121,2020
214,2019-11-23 00:00:00+00:00,Team.ATLANTA_HAWKS,Team.DETROIT_PISTONS,103,128,2020
215,2019-11-23 00:00:00+00:00,Team.CHARLOTTE_HORNETS,Team.WASHINGTON_WIZARDS,118,125,2020
216,2019-11-23 00:30:00+00:00,Team.SACRAMENTO_KINGS,Team.BROOKLYN_NETS,97,116,2020
217,2019-11-23 01:00:00+00:00,Team.MIAMI_HEAT,Team.CHICAGO_BULLS,116,108,2020
218,2019-11-23 01:00:00+00:00,Team.LOS_ANGELES_LAKERS,Team.OKLAHOMA_CITY_THUNDER,130,127,2020
219,2019-11-23 01:00:00+00:00,Team.SAN_ANTONIO_SPURS,Team.PHILADELPHIA_76ERS,104,115,2020
220,2019-11-23 01:30:00+00:00,Team.CLEVELAND_CAVALIERS,Team.DALLAS_MAVERICKS,101,143,2020
221,2019-11-23 02:00:00+00:00,Team.BOSTON_CELTICS,Team.DENVER_NUGGETS,92,96,2020
222,2019-11-23 02:00:00+00:00,Team.GOLDEN_STATE_WARRIORS,Team.UTAH_JAZZ,109,113,2020
223,2019-11-23 03:30:00+00:00,Team.HOUSTON_ROCKETS,Team.LOS_ANGELES_CLIPPERS,119,122,2020
224,2019-11-23 22:00:00+00:00,Team.PHOENIX_SUNS,Team.MINNESOTA_TIMBERWOLVES,100,98,2020
225,2019-11-24 00:00:00+00:00,Team.CHICAGO_BULLS,Team.CHARLOTTE_HORNETS,116,115,2020
226,2019-11-24 00:00:00+00:00,Team.ORLANDO_MAGIC,Team.INDIANA_PACERS,106,111,2020
227,2019-11-24 00:30:00+00:00,Team.TORONTO_RAPTORS,Team.ATLANTA_HAWKS,119,116,2020
228,2019-11-24 00:30:00+00:00,Team.SAN_ANTONIO_SPURS,Team.NEW_YORK_KNICKS,111,104,2020
229,2019-11-24 00:30:00+00:00,Team.MIAMI_HEAT,Team.PHILADELPHIA_76ERS,86,113,2020
230,2019-11-24 01:00:00+00:00,Team.PORTLAND_TRAIL_BLAZERS,Team.CLEVELAND_CAVALIERS,104,110,2020
231,2019-11-24 01:00:00+00:00,Team.LOS_ANGELES_LAKERS,Team.MEMPHIS_GRIZZLIES,109,108,2020
232,2019-11-24 01:30:00+00:00,Team.DETROIT_PISTONS,Team.MILWAUKEE_BUCKS,90,104,2020
233,2019-11-24 02:00:00+00:00,Team.NEW_ORLEANS_PELICANS,Team.UTAH_JAZZ,120,128,2020
234,2019-11-24 20:30:00+00:00,Team.DALLAS_MAVERICKS,Team.HOUSTON_ROCKETS,137,123,2020
235,2019-11-24 23:00:00+00:00,Team.BROOKLYN_NETS,Team.NEW_YORK_KNICKS,103,101,2020
236,2019-11-24 23:00:00+00:00,Team.SACRAMENTO_KINGS,Team.WASHINGTON_WIZARDS,113,106,2020
237,2019-11-25 01:00:00+00:00,Team.PHOENIX_SUNS,Team.DENVER_NUGGETS,104,116,2020
238,2019-11-25 02:00:00+00:00,Team.NEW_ORLEANS_PELICANS,Team.LOS_ANGELES_CLIPPERS,109,134,2020
239,2019-11-26 00:00:00+00:00,Team.BROOKLYN_NETS,Team.CLEVELAND_CAVALIERS,108,106,2020
240,2019-11-26 00:00:00+00:00,Team.ORLANDO_MAGIC,Team.DETROIT_PISTONS,88,103,2020
241,2019-11-26 00:00:00+00:00,Team.MEMPHIS_GRIZZLIES,Team.INDIANA_PACERS,114,126,2020
242,2019-11-26 00:30:00+00:00,Team.MINNESOTA_TIMBERWOLVES,Team.ATLANTA_HAWKS,125,113,2020
243,2019-11-26 00:30:00+00:00,Team.SACRAMENTO_KINGS,Team.BOSTON_CELTICS,102,103,2020
244,2019-11-26 00:30:00+00:00,Team.CHARLOTTE_HORNETS,Team.MIAMI_HEAT,100,117,2020
245,2019-11-26 00:30:00+00:00,Team.PHILADELPHIA_76ERS,Team.TORONTO_RAPTORS,96,101,2020
246,2019-11-26 01:00:00+00:00,Team.PORTLAND_TRAIL_BLAZERS,Team.CHICAGO_BULLS,117,94,2020
247,2019-11-26 01:00:00+00:00,Team.UTAH_JAZZ,Team.MILWAUKEE_BUCKS,118,122,2020
248,2019-11-26 01:30:00+00:00,Team.LOS_ANGELES_LAKERS,Team.SAN_ANTONIO_SPURS,114,104,2020
249,2019-11-26 03:30:00+00:00,Team.OKLAHOMA_CITY_THUNDER,Team.GOLDEN_STATE_WARRIORS,100,97,2020
250,2019-11-27 01:30:00+00:00,Team.LOS_ANGELES_CLIPPERS,Team.DALLAS_MAVERICKS,114,99,2020
251,2019-11-27 02:00:00+00:00,Team.WASHINGTON_WIZARDS,Team.DENVER_NUGGETS,104,117,2020
252,2019-11-28 00:00:00+00:00,Team.BROOKLYN_NETS,Team.BOSTON_CELTICS,110,121,2020
253,2019-11-28 00:00:00+00:00,Team.DETROIT_PISTONS,Team.CHARLOTTE_HORNETS,101,102,2020
254,2019-11-28 00:00:00+00:00,Team.ORLANDO_MAGIC,Team.CLEVELAND_CAVALIERS,116,104,2020
255,2019-11-28 00:00:00+00:00,Team.UTAH_JAZZ,Team.INDIANA_PACERS,102,121,2020
256,2019-11-28 00:00:00+00:00,Team.SACRAMENTO_KINGS,Team.PHILADELPHIA_76ERS,91,97,2020
257,2019-11-28 00:30:00+00:00,Team.NEW_YORK_KNICKS,Team.TORONTO_RAPTORS,98,126,2020
258,2019-11-28 01:00:00+00:00,Team.MIAMI_HEAT,Team.HOUSTON_ROCKETS,108,117,2020
259,2019-11-28 01:00:00+00:00,Team.LOS_ANGELES_CLIPPERS,Team.MEMPHIS_GRIZZLIES,121,119,2020
260,2019-11-28 01:00:00+00:00,Team.ATLANTA_HAWKS,Team.MILWAUKEE_BUCKS,102,111,2020
261,2019-11-28 01:30:00+00:00,Team.MINNESOTA_TIMBERWOLVES,Team.SAN_ANTONIO_SPURS,113,101,2020
262,2019-11-28 02:00:00+00:00,Team.WASHINGTON_WIZARDS,Team.PHOENIX_SUNS,140,132,2020
263,2019-11-28 02:30:00+00:00,Team.LOS_ANGELES_LAKERS,Team.NEW_ORLEANS_PELICANS,114,110,2020
264,2019-11-28 03:00:00+00:00,Team.OKLAHOMA_CITY_THUNDER,Team.PORTLAND_TRAIL_BLAZERS,119,136,2020
265,2019-11-28 03:30:00+00:00,Team.CHICAGO_BULLS,Team.GOLDEN_STATE_WARRIORS,90,104,2020
266,2019-11-29 17:00:00+00:00,Team.BOSTON_CELTICS,Team.BROOKLYN_NETS,107,112,2020
267,2019-11-30 00:00:00+00:00,Team.CHARLOTTE_HORNETS,Team.DETROIT_PISTONS,110,107,2020
268,2019-11-30 00:00:00+00:00,Team.TORONTO_RAPTORS,Team.ORLANDO_MAGIC,90,83,2020
269,2019-11-30 00:30:00+00:00,Team.MILWAUKEE_BUCKS,Team.CLEVELAND_CAVALIERS,119,110,2020
270,2019-11-30 00:30:00+00:00,Team.PHILADELPHIA_76ERS,Team.NEW_YORK_KNICKS,101,95,2020
271,2019-11-30 01:00:00+00:00,Team.ATLANTA_HAWKS,Team.INDIANA_PACERS,104,105,2020
272,2019-11-30 01:00:00+00:00,Team.UTAH_JAZZ,Team.MEMPHIS_GRIZZLIES,103,94,2020
273,2019-11-30 01:00:00+00:00,Team.GOLDEN_STATE_WARRIORS,Team.MIAMI_HEAT,105,122,2020
274,2019-11-30 01:00:00+00:00,Team.NEW_ORLEANS_PELICANS,Team.OKLAHOMA_CITY_THUNDER,104,109,2020
275,2019-11-30 01:30:00+00:00,Team.LOS_ANGELES_CLIPPERS,Team.SAN_ANTONIO_SPURS,97,107,2020
276,2019-11-30 02:00:00+00:00,Team.DALLAS_MAVERICKS,Team.PHOENIX_SUNS,120,113,2020
277,2019-11-30 03:00:00+00:00,Team.CHICAGO_BULLS,Team.PORTLAND_TRAIL_BLAZERS,103,107,2020
278,2019-11-30 03:30:00+00:00,Team.WASHINGTON_WIZARDS,Team.LOS_ANGELES_LAKERS,103,125,2020
279,2019-11-30 22:00:00+00:00,Team.DENVER_NUGGETS,Team.SACRAMENTO_KINGS,97,100,2020
280,2019-12-01 00:00:00+00:00,Team.INDIANA_PACERS,Team.PHILADELPHIA_76ERS,116,119,2020
281,2019-12-01 01:00:00+00:00,Team.ATLANTA_HAWKS,Team.HOUSTON_ROCKETS,111,158,2020
282,2019-12-01 01:00:00+00:00,Team.CHARLOTTE_HORNETS,Team.MILWAUKEE_BUCKS,96,137,2020
283,2019-12-01 20:00:00+00:00,Team.MIAMI_HEAT,Team.BROOKLYN_NETS,109,106,2020
284,2019-12-01 20:30:00+00:00,Team.MEMPHIS_GRIZZLIES,Team.MINNESOTA_TIMBERWOLVES,115,107,2020
285,2019-12-01 20:30:00+00:00,Team.BOSTON_CELTICS,Team.NEW_YORK_KNICKS,113,104,2020
286,2019-12-01 21:00:00+00:00,Team.DALLAS_MAVERICKS,Team.LOS_ANGELES_LAKERS,114,100,2020
287,2019-12-01 22:00:00+00:00,Team.SAN_ANTONIO_SPURS,Team.DETROIT_PISTONS,98,132,2020
288,2019-12-01 22:00:00+00:00,Team.OKLAHOMA_CITY_THUNDER,Team.NEW_ORLEANS_PELICANS,107,104,2020
289,2019-12-01 23:00:00+00:00,Team.GOLDEN_STATE_WARRIORS,Team.ORLANDO_MAGIC,96,100,2020
290,2019-12-01 23:00:00+00:00,Team.UTAH_JAZZ,Team.TORONTO_RAPTORS,110,130,2020
291,2019-12-02 03:30:00+00:00,Team.WASHINGTON_WIZARDS,Team.LOS_ANGELES_CLIPPERS,125,150,2020
292,2019-12-03 00:00:00+00:00,Team.PHOENIX_SUNS,Team.CHARLOTTE_HORNETS,109,104,2020
293,2019-12-03 00:00:00+00:00,Team.UTAH_JAZZ,Team.PHILADELPHIA_76ERS,94,103,2020
294,2019-12-03 00:30:00+00:00,Team.GOLDEN_STATE_WARRIORS,Team.ATLANTA_HAWKS,79,104,2020
295,2019-12-03 01:00:00+00:00,Team.INDIANA_PACERS,Team.MEMPHIS_GRIZZLIES,117,104,2020
296,2019-12-03 01:00:00+00:00,Team.NEW_YORK_KNICKS,Team.MILWAUKEE_BUCKS,88,132,2020
297,2019-12-03 03:00:00+00:00,Team.CHICAGO_BULLS,Team.SACRAMENTO_KINGS,113,106,2020
298,2019-12-04 00:00:00+00:00,Team.DETROIT_PISTONS,Team.CLEVELAND_CAVALIERS,127,94,2020
299,2019-12-04 00:00:00+00:00,Team.ORLANDO_MAGIC,Team.WASHINGTON_WIZARDS,127,120,2020
300,2019-12-04 00:30:00+00:00,Team.DALLAS_MAVERICKS,Team.NEW_ORLEANS_PELICANS,118,97,2020
301,2019-12-04 00:30:00+00:00,Team.MIAMI_HEAT,Team.TORONTO_RAPTORS,121,110,2020
302,2019-12-04 01:30:00+00:00,Team.HOUSTON_ROCKETS,Team.SAN_ANTONIO_SPURS,133,135,2020
303,2019-12-04 02:00:00+00:00,Team.LOS_ANGELES_LAKERS,Team.DENVER_NUGGETS,105,96,2020
304,2019-12-04 03:00:00+00:00,Team.PORTLAND_TRAIL_BLAZERS,Team.LOS_ANGELES_CLIPPERS,97,117,2020
305,2019-12-05 00:00:00+00:00,Team.GOLDEN_STATE_WARRIORS,Team.CHARLOTTE_HORNETS,91,106,2020
306,2019-12-05 00:00:00+00:00,Team.MILWAUKEE_BUCKS,Team.DETROIT_PISTONS,127,103,2020
307,2019-12-05 00:00:00+00:00,Team.PHOENIX_SUNS,Team.ORLANDO_MAGIC,114,128,2020
308,2019-12-05 00:30:00+00:00,Team.BROOKLYN_NETS,Team.ATLANTA_HAWKS,130,118,2020
309,2019-12-05 00:30:00+00:00,Team.MIAMI_HEAT,Team.BOSTON_CELTICS,93,112,2020
310,2019-12-05 01:00:00+00:00,Team.MEMPHIS_GRIZZLIES,Team.CHICAGO_BULLS,99,106,2020
311,2019-12-05 01:00:00+00:00,Team.INDIANA_PACERS,Team.OKLAHOMA_CITY_THUNDER,107,100,2020
312,2019-12-05 01:30:00+00:00,Team.MINNESOTA_TIMBERWOLVES,Team.DALLAS_MAVERICKS,114,121,2020
313,2019-12-05 02:00:00+00:00,Team.LOS_ANGELES_LAKERS,Team.UTAH_JAZZ,121,96,2020
314,2019-12-05 03:00:00+00:00,Team.SACRAMENTO_KINGS,Team.PORTLAND_TRAIL_BLAZERS,116,127,2020
315,2019-12-06 00:00:00+00:00,Team.PHILADELPHIA_76ERS,Team.WASHINGTON_WIZARDS,113,119,2020
316,2019-12-06 00:30:00+00:00,Team.DENVER_NUGGETS,Team.NEW_YORK_KNICKS,129,92,2020
317,2019-12-06 00:30:00+00:00,Team.HOUSTON_ROCKETS,Team.TORONTO_RAPTORS,119,109,2020
318,2019-12-06 01:00:00+00:00,Team.PHOENIX_SUNS,Team.NEW_ORLEANS_PELICANS,139,132,2020
319,2019-12-07 00:00:00+00:00,Team.BROOKLYN_NETS,Team.CHARLOTTE_HORNETS,111,104,2020
320,2019-12-07 00:00:00+00:00,Team.ORLANDO_MAGIC,Team.CLEVELAND_CAVALIERS,93,87,2020
321,2019-12-07 00:00:00+00:00,Team.INDIANA_PACERS,Team.DETROIT_PISTONS,101,108,2020
322,2019-12-07 01:00:00+00:00,Team.DENVER_NUGGETS,Team.BOSTON_CELTICS,95,108,2020
323,2019-12-07 01:00:00+00:00,Team.GOLDEN_STATE_WARRIORS,Team.CHICAGO_BULLS,100,98,2020
324,2019-12-07 01:00:00+00:00,Team.WASHINGTON_WIZARDS,Team.MIAMI_HEAT,103,112,2020
325,2019-12-07 01:00:00+00:00,Team.MINNESOTA_TIMBERWOLVES,Team.OKLAHOMA_CITY_THUNDER,127,139,2020
326,2019-12-07 01:30:00+00:00,Team.LOS_ANGELES_CLIPPERS,Team.MILWAUKEE_BUCKS,91,119,2020
327,2019-12-07 01:30:00+00:00,Team.SACRAMENTO_KINGS,Team.SAN_ANTONIO_SPURS,104,105,2020
328,2019-12-07 03:30:00+00:00,Team.LOS_ANGELES_LAKERS,Team.PORTLAND_TRAIL_BLAZERS,136,113,2020
329,2019-12-07 19:00:00+00:00,Team.NEW_ORLEANS_PELICANS,Team.DALLAS_MAVERICKS,84,130,2020
330,2019-12-08 00:30:00+00:00,Team.INDIANA_PACERS,Team.NEW_YORK_KNICKS,104,103,2020
331,2019-12-08 00:30:00+00:00,Team.CLEVELAND_CAVALIERS,Team.PHILADELPHIA_76ERS,94,141,2020
332,2019-12-08 01:00:00+00:00,Team.PHOENIX_SUNS,Team.HOUSTON_ROCKETS,109,115,2020
333,2019-12-08 03:00:00+00:00,Team.MEMPHIS_GRIZZLIES,Team.UTAH_JAZZ,112,126,2020
334,2019-12-08 20:00:00+00:00,Team.DENVER_NUGGETS,Team.BROOKLYN_NETS,102,105,2020
335,2019-12-08 22:00:00+00:00,Team.ATLANTA_HAWKS,Team.CHARLOTTE_HORNETS,122,107,2020
336,2019-12-08 23:00:00+00:00,Team.CHICAGO_BULLS,Team.MIAMI_HEAT,105,110,2020
337,2019-12-08 23:00:00+00:00,Team.TORONTO_RAPTORS,Team.PHILADELPHIA_76ERS,104,110,2020
338,2019-12-08 23:00:00+00:00,Team.LOS_ANGELES_CLIPPERS,Team.WASHINGTON_WIZARDS,135,119,2020
339,2019-12-09 00:00:00+00:00,Team.SACRAMENTO_KINGS,Team.DALLAS_MAVERICKS,110,106,2020
340,2019-12-09 02:00:00+00:00,Team.OKLAHOMA_CITY_THUNDER,Team.PORTLAND_TRAIL_BLAZERS,108,96,2020
341,2019-12-09 02:30:00+00:00,Team.MINNESOTA_TIMBERWOLVES,Team.LOS_ANGELES_LAKERS,125,142,2020
342,2019-12-10 00:00:00+00:00,Team.LOS_ANGELES_CLIPPERS,Team.INDIANA_PACERS,110,99,2020
343,2019-12-10 00:30:00+00:00,Team.CLEVELAND_CAVALIERS,Team.BOSTON_CELTICS,88,110,2020
344,2019-12-10 01:00:00+00:00,Team.TORONTO_RAPTORS,Team.CHICAGO_BULLS,93,92,2020
345,2019-12-10 01:00:00+00:00,Team.SACRAMENTO_KINGS,Team.HOUSTON_ROCKETS,119,118,2020
346,2019-12-10 01:00:00+00:00,Team.ORLANDO_MAGIC,Team.MILWAUKEE_BUCKS,101,110,2020
347,2019-12-10 01:00:00+00:00,Team.DETROIT_PISTONS,Team.NEW_ORLEANS_PELICANS,105,103,2020
348,2019-12-10 02:00:00+00:00,Team.MINNESOTA_TIMBERWOLVES,Team.PHOENIX_SUNS,109,125,2020
349,2019-12-10 02:00:00+00:00,Team.OKLAHOMA_CITY_THUNDER,Team.UTAH_JAZZ,104,90,2020
350,2019-12-10 03:30:00+00:00,Team.MEMPHIS_GRIZZLIES,Team.GOLDEN_STATE_WARRIORS,110,102,2020
351,2019-12-11 00:00:00+00:00,Team.WASHINGTON_WIZARDS,Team.CHARLOTTE_HORNETS,107,114,2020
352,2019-12-11 01:00:00+00:00,Team.ATLANTA_HAWKS,Team.MIAMI_HEAT,121,135,2020
353,2019-12-11 01:00:00+00:00,Team.DENVER_NUGGETS,Team.PHILADELPHIA_76ERS,92,97,2020
354,2019-12-11 03:00:00+00:00,Team.NEW_YORK_KNICKS,Team.PORTLAND_TRAIL_BLAZERS,87,115,2020
355,2019-12-12 00:00:00+00:00,Team.HOUSTON_ROCKETS,Team.CLEVELAND_CAVALIERS,116,110,2020
356,2019-12-12 00:00:00+00:00,Team.BOSTON_CELTICS,Team.INDIANA_PACERS,117,122,2020
357,2019-12-12 00:00:00+00:00,Team.LOS_ANGELES_LAKERS,Team.ORLANDO_MAGIC,96,87,2020
358,2019-12-12 00:00:00+00:00,Team.LOS_ANGELES_CLIPPERS,Team.TORONTO_RAPTORS,112,92,2020
359,2019-12-12 00:30:00+00:00,Team.CHARLOTTE_HORNETS,Team.BROOKLYN_NETS,113,108,2020
360,2019-12-12 01:00:00+00:00,Team.ATLANTA_HAWKS,Team.CHICAGO_BULLS,102,136,2020
361,2019-12-12 01:00:00+00:00,Team.UTAH_JAZZ,Team.MINNESOTA_TIMBERWOLVES,127,116,2020
362,2019-12-12 02:00:00+00:00,Team.MEMPHIS_GRIZZLIES,Team.PHOENIX_SUNS,115,108,2020
363,2019-12-12 02:30:00+00:00,Team.NEW_ORLEANS_PELICANS,Team.MILWAUKEE_BUCKS,112,127,2020
364,2019-12-12 03:00:00+00:00,Team.OKLAHOMA_CITY_THUNDER,Team.SACRAMENTO_KINGS,93,94,2020
365,2019-12-12 03:30:00+00:00,Team.NEW_YORK_KNICKS,Team.GOLDEN_STATE_WARRIORS,124,122,2020
366,2019-12-13 01:00:00+00:00,Team.PHILADELPHIA_76ERS,Team.BOSTON_CELTICS,115,109,2020
367,2019-12-13 01:30:00+00:00,Team.CLEVELAND_CAVALIERS,Team.SAN_ANTONIO_SPURS,117,109,2020
368,2019-12-13 02:00:00+00:00,Team.DALLAS_MAVERICKS,Team.DETROIT_PISTONS,122,111,2020
369,2019-12-13 03:30:00+00:00,Team.PORTLAND_TRAIL_BLAZERS,Team.DENVER_NUGGETS,99,114,2020
370,2019-12-14 00:00:00+00:00,Team.LOS_ANGELES_LAKERS,Team.MIAMI_HEAT,113,110,2020
371,2019-12-14 00:00:00+00:00,Team.HOUSTON_ROCKETS,Team.ORLANDO_MAGIC,130,107,2020
372,2019-12-14 00:00:00+00:00,Team.NEW_ORLEANS_PELICANS,Team.PHILADELPHIA_76ERS,109,116,2020
373,2019-12-14 00:30:00+00:00,Team.INDIANA_PACERS,Team.ATLANTA_HAWKS,110,100,2020
374,2019-12-14 01:00:00+00:00,Team.CHARLOTTE_HORNETS,Team.CHICAGO_BULLS,83,73,2020
375,2019-12-14 01:00:00+00:00,Team.MILWAUKEE_BUCKS,Team.MEMPHIS_GRIZZLIES,127,114,2020
376,2019-12-14 02:00:00+00:00,Team.GOLDEN_STATE_WARRIORS,Team.UTAH_JAZZ,106,114,2020
377,2019-12-14 02:30:00+00:00,Team.LOS_ANGELES_CLIPPERS,Team.MINNESOTA_TIMBERWOLVES,124,117,2020
378,2019-12-14 03:00:00+00:00,Team.NEW_YORK_KNICKS,Team.SACRAMENTO_KINGS,103,101,2020
379,2019-12-14 22:00:00+00:00,Team.SAN_ANTONIO_SPURS,Team.PHOENIX_SUNS,121,119,2020
380,2019-12-15 00:30:00+00:00,Team.BROOKLYN_NETS,Team.TORONTO_RAPTORS,102,110,2020
381,2019-12-15 01:00:00+00:00,Team.LOS_ANGELES_CLIPPERS,Team.CHICAGO_BULLS,106,109,2020
382,2019-12-15 01:00:00+00:00,Team.WASHINGTON_WIZARDS,Team.MEMPHIS_GRIZZLIES,111,128,2020
383,2019-12-15 01:30:00+00:00,Team.MIAMI_HEAT,Team.DALLAS_MAVERICKS,122,118,2020
384,2019-12-15 01:30:00+00:00,Team.CLEVELAND_CAVALIERS,Team.MILWAUKEE_BUCKS,108,125,2020
385,2019-12-15 02:00:00+00:00,Team.OKLAHOMA_CITY_THUNDER,Team.DENVER_NUGGETS,102,110,2020
386,2019-12-15 02:00:00+00:00,Team.DETROIT_PISTONS,Team.HOUSTON_ROCKETS,115,107,2020
387,2019-12-15 20:30:00+00:00,Team.ORLANDO_MAGIC,Team.NEW_ORLEANS_PELICANS,130,119,2020
388,2019-12-15 22:00:00+00:00,Team.CHARLOTTE_HORNETS,Team.INDIANA_PACERS,85,107,2020
389,2019-12-15 23:00:00+00:00,Team.LOS_ANGELES_LAKERS,Team.ATLANTA_HAWKS,101,96,2020
390,2019-12-15 23:00:00+00:00,Team.PHILADELPHIA_76ERS,Team.BROOKLYN_NETS,89,109,2020
391,2019-12-16 01:00:00+00:00,Team.NEW_YORK_KNICKS,Team.DENVER_NUGGETS,105,111,2020
392,2019-12-16 01:30:00+00:00,Team.SACRAMENTO_KINGS,Team.GOLDEN_STATE_WARRIORS,100,79,2020
393,2019-12-17 00:00:00+00:00,Team.WASHINGTON_WIZARDS,Team.DETROIT_PISTONS,133,119,2020
394,2019-12-17 00:30:00+00:00,Team.CLEVELAND_CAVALIERS,Team.TORONTO_RAPTORS,113,133,2020
395,2019-12-17 01:00:00+00:00,Team.SAN_ANTONIO_SPURS,Team.HOUSTON_ROCKETS,107,109,2020
396,2019-12-17 01:00:00+00:00,Team.MIAMI_HEAT,Team.MEMPHIS_GRIZZLIES,111,118,2020
397,2019-12-17 01:00:00+00:00,Team.DALLAS_MAVERICKS,Team.MILWAUKEE_BUCKS,120,116,2020
398,2019-12-17 01:00:00+00:00,Team.CHICAGO_BULLS,Team.OKLAHOMA_CITY_THUNDER,106,109,2020
399,2019-12-17 02:00:00+00:00,Team.PORTLAND_TRAIL_BLAZERS,Team.PHOENIX_SUNS,111,110,2020
400,2019-12-18 00:00:00+00:00,Team.SACRAMENTO_KINGS,Team.CHARLOTTE_HORNETS,102,110,2020
401,2019-12-18 00:00:00+00:00,Team.LOS_ANGELES_LAKERS,Team.INDIANA_PACERS,102,105,2020
402,2019-12-18 00:30:00+00:00,Team.ATLANTA_HAWKS,Team.NEW_YORK_KNICKS,120,143,2020
403,2019-12-18 01:00:00+00:00,Team.BROOKLYN_NETS,Team.NEW_ORLEANS_PELICANS,108,101,2020
404,2019-12-18 02:00:00+00:00,Team.ORLANDO_MAGIC,Team.UTAH_JAZZ,102,109,2020
405,2019-12-18 03:30:00+00:00,Team.PHOENIX_SUNS,Team.LOS_ANGELES_CLIPPERS,99,120,2020
406,2019-12-19 00:00:00+00:00,Team.CHARLOTTE_HORNETS,Team.CLEVELAND_CAVALIERS,98,100,2020
407,2019-12-19 00:00:00+00:00,Team.TORONTO_RAPTORS,Team.DETROIT_PISTONS,112,99,2020
408,2019-12-19 00:00:00+00:00,Team.MIAMI_HEAT,Team.PHILADELPHIA_76ERS,108,104,2020
409,2019-12-19 00:00:00+00:00,Team.CHICAGO_BULLS,Team.WASHINGTON_WIZARDS,110,109,2020
410,2019-12-19 01:00:00+00:00,Team.NEW_ORLEANS_PELICANS,Team.MINNESOTA_TIMBERWOLVES,107,99,2020
411,2019-12-19 01:00:00+00:00,Team.MEMPHIS_GRIZZLIES,Team.OKLAHOMA_CITY_THUNDER,122,126,2020
412,2019-12-19 02:00:00+00:00,Team.ORLANDO_MAGIC,Team.DENVER_NUGGETS,104,113,2020
413,2019-12-19 02:30:00+00:00,Team.BOSTON_CELTICS,Team.DALLAS_MAVERICKS,109,103,2020
414,2019-12-19 03:00:00+00:00,Team.GOLDEN_STATE_WARRIORS,Team.PORTLAND_TRAIL_BLAZERS,112,122,2020
415,2019-12-20 00:30:00+00:00,Team.UTAH_JAZZ,Team.ATLANTA_HAWKS,111,106,2020
416,2019-12-20 01:00:00+00:00,Team.LOS_ANGELES_LAKERS,Team.MILWAUKEE_BUCKS,104,111,2020
417,2019-12-20 01:30:00+00:00,Team.BROOKLYN_NETS,Team.SAN_ANTONIO_SPURS,105,118,2020
418,2019-12-20 03:30:00+00:00,Team.HOUSTON_ROCKETS,Team.LOS_ANGELES_CLIPPERS,122,117,2020
419,2019-12-21 00:00:00+00:00,Team.MEMPHIS_GRIZZLIES,Team.CLEVELAND_CAVALIERS,107,114,2020
420,2019-12-21 00:00:00+00:00,Team.SACRAMENTO_KINGS,Team.INDIANA_PACERS,105,119,2020
421,2019-12-21 00:30:00+00:00,Team.DETROIT_PISTONS,Team.BOSTON_CELTICS,93,114,2020
422,2019-12-21 00:30:00+00:00,Team.WASHINGTON_WIZARDS,Team.TORONTO_RAPTORS,118,122,2020
423,2019-12-21 01:00:00+00:00,Team.NEW_YORK_KNICKS,Team.MIAMI_HEAT,114,129,2020
424,2019-12-21 01:00:00+00:00,Team.PHOENIX_SUNS,Team.OKLAHOMA_CITY_THUNDER,108,126,2020
425,2019-12-21 01:00:00+00:00,Team.DALLAS_MAVERICKS,Team.PHILADELPHIA_76ERS,117,98,2020
426,2019-12-21 02:00:00+00:00,Team.MINNESOTA_TIMBERWOLVES,Team.DENVER_NUGGETS,100,109,2020
427,2019-12-21 03:00:00+00:00,Team.ORLANDO_MAGIC,Team.PORTLAND_TRAIL_BLAZERS,103,118,2020
428,2019-12-21 03:30:00+00:00,Team.NEW_ORLEANS_PELICANS,Team.GOLDEN_STATE_WARRIORS,102,106,2020
429,2019-12-21 22:00:00+00:00,Team.UTAH_JAZZ,Team.CHARLOTTE_HORNETS,114,107,2020
430,2019-12-21 23:00:00+00:00,Team.ATLANTA_HAWKS,Team.BROOKLYN_NETS,112,122,2020
431,2019-12-22 00:00:00+00:00,Team.CHICAGO_BULLS,Team.DETROIT_PISTONS,119,107,2020
432,2019-12-22 00:00:00+00:00,Team.WASHINGTON_WIZARDS,Team.PHILADELPHIA_76ERS,108,125,2020
433,2019-12-22 00:30:00+00:00,Team.MILWAUKEE_BUCKS,Team.NEW_YORK_KNICKS,123,102,2020
434,2019-12-22 01:00:00+00:00,Team.SACRAMENTO_KINGS,Team.MEMPHIS_GRIZZLIES,115,119,2020
435,2019-12-22 01:30:00+00:00,Team.LOS_ANGELES_CLIPPERS,Team.SAN_ANTONIO_SPURS,134,109,2020
436,2019-12-22 02:00:00+00:00,Team.HOUSTON_ROCKETS,Team.PHOENIX_SUNS,139,125,2020
437,2019-12-22 03:00:00+00:00,Team.MINNESOTA_TIMBERWOLVES,Team.PORTLAND_TRAIL_BLAZERS,106,113,2020
438,2019-12-22 20:30:00+00:00,Team.DALLAS_MAVERICKS,Team.TORONTO_RAPTORS,107,110,2020
439,2019-12-22 23:00:00+00:00,Team.CHARLOTTE_HORNETS,Team.BOSTON_CELTICS,93,119,2020
440,2019-12-23 00:00:00+00:00,Team.INDIANA_PACERS,Team.MILWAUKEE_BUCKS,89,117,2020
441,2019-12-23 00:00:00+00:00,Team.LOS_ANGELES_CLIPPERS,Team.OKLAHOMA_CITY_THUNDER,112,118,2020
442,2019-12-23 02:30:00+00:00,Team.DENVER_NUGGETS,Team.LOS_ANGELES_LAKERS,128,104,2020
443,2019-12-24 00:00:00+00:00,Team.ATLANTA_HAWKS,Team.CLEVELAND_CAVALIERS,118,121,2020
444,2019-12-24 00:00:00+00:00,Team.PHILADELPHIA_76ERS,Team.DETROIT_PISTONS,125,109,2020
445,2019-12-24 00:00:00+00:00,Team.TORONTO_RAPTORS,Team.INDIANA_PACERS,115,120,2020
446,2019-12-24 00:00:00+00:00,Team.WASHINGTON_WIZARDS,Team.NEW_YORK_KNICKS,121,115,2020
447,2019-12-24 00:00:00+00:00,Team.CHICAGO_BULLS,Team.ORLANDO_MAGIC,95,103,2020
448,2019-12-24 00:30:00+00:00,Team.UTAH_JAZZ,Team.MIAMI_HEAT,104,107,2020
449,2019-12-24 01:00:00+00:00,Team.SAN_ANTONIO_SPURS,Team.MEMPHIS_GRIZZLIES,145,115,2020
450,2019-12-24 02:00:00+00:00,Team.DENVER_NUGGETS,Team.PHOENIX_SUNS,113,111,2020
451,2019-12-24 03:00:00+00:00,Team.NEW_ORLEANS_PELICANS,Team.PORTLAND_TRAIL_BLAZERS,102,94,2020
452,2019-12-24 03:00:00+00:00,Team.HOUSTON_ROCKETS,Team.SACRAMENTO_KINGS,113,104,2020
453,2019-12-24 03:30:00+00:00,Team.MINNESOTA_TIMBERWOLVES,Team.GOLDEN_STATE_WARRIORS,104,113,2020
454,2019-12-25 17:00:00+00:00,Team.BOSTON_CELTICS,Team.TORONTO_RAPTORS,118,102,2020
455,2019-12-25 19:30:00+00:00,Team.MILWAUKEE_BUCKS,Team.PHILADELPHIA_76ERS,109,121,2020
456,2019-12-25 22:00:00+00:00,Team.HOUSTON_ROCKETS,Team.GOLDEN_STATE_WARRIORS,104,116,2020
457,2019-12-26 01:00:00+00:00,Team.LOS_ANGELES_CLIPPERS,Team.LOS_ANGELES_LAKERS,111,106,2020
458,2019-12-26 03:30:00+00:00,Team.NEW_ORLEANS_PELICANS,Team.DENVER_NUGGETS,112,100,2020
459,2019-12-27 00:00:00+00:00,Team.WASHINGTON_WIZARDS,Team.DETROIT_PISTONS,102,132,2020
460,2019-12-27 00:30:00+00:00,Team.NEW_YORK_KNICKS,Team.BROOKLYN_NETS,94,82,2020
461,2019-12-27 01:00:00+00:00,Team.SAN_ANTONIO_SPURS,Team.DALLAS_MAVERICKS,98,102,2020
462,2019-12-27 01:00:00+00:00,Team.MEMPHIS_GRIZZLIES,Team.OKLAHOMA_CITY_THUNDER,110,97,2020
463,2019-12-27 03:00:00+00:00,Team.MINNESOTA_TIMBERWOLVES,Team.SACRAMENTO_KINGS,105,104,2020
464,2019-12-27 03:30:00+00:00,Team.PORTLAND_TRAIL_BLAZERS,Team.UTAH_JAZZ,115,121,2020
465,2019-12-27 21:00:00+00:00,Team.CLEVELAND_CAVALIERS,Team.BOSTON_CELTICS,117,129,2020
466,2019-12-28 00:00:00+00:00,Team.OKLAHOMA_CITY_THUNDER,Team.CHARLOTTE_HORNETS,104,102,2020
467,2019-12-28 00:00:00+00:00,Team.PHILADELPHIA_76ERS,Team.ORLANDO_MAGIC,97,98,2020
468,2019-12-28 00:30:00+00:00,Team.MILWAUKEE_BUCKS,Team.ATLANTA_HAWKS,112,86,2020
469,2019-12-28 01:00:00+00:00,Team.INDIANA_PACERS,Team.MIAMI_HEAT,112,113,2020
470,2019-12-28 03:30:00+00:00,Team.PHOENIX_SUNS,Team.GOLDEN_STATE_WARRIORS,96,105,2020
471,2019-12-28 22:00:00+00:00,Team.MEMPHIS_GRIZZLIES,Team.DENVER_NUGGETS,110,119,2020
472,2019-12-29 00:00:00+00:00,Team.TORONTO_RAPTORS,Team.BOSTON_CELTICS,113,97,2020
473,2019-12-29 00:00:00+00:00,Team.INDIANA_PACERS,Team.NEW_ORLEANS_PELICANS,98,120,2020
474,2019-12-29 01:00:00+00:00,Team.ATLANTA_HAWKS,Team.CHICAGO_BULLS,81,116,2020
475,2019-12-29 01:00:00+00:00,Team.BROOKLYN_NETS,Team.HOUSTON_ROCKETS,98,108,2020
476,2019-12-29 01:00:00+00:00,Team.PHILADELPHIA_76ERS,Team.MIAMI_HEAT,116,117,2020
477,2019-12-29 01:00:00+00:00,Team.CLEVELAND_CAVALIERS,Team.MINNESOTA_TIMBERWOLVES,94,88,2020
478,2019-12-29 01:00:00+00:00,Team.NEW_YORK_KNICKS,Team.WASHINGTON_WIZARDS,107,100,2020
479,2019-12-29 01:30:00+00:00,Team.DALLAS_MAVERICKS,Team.GOLDEN_STATE_WARRIORS,141,121,2020
480,2019-12-29 01:30:00+00:00,Team.ORLANDO_MAGIC,Team.MILWAUKEE_BUCKS,100,111,2020
481,2019-12-29 01:30:00+00:00,Team.DETROIT_PISTONS,Team.SAN_ANTONIO_SPURS,109,136,2020
482,2019-12-29 02:00:00+00:00,Team.PHOENIX_SUNS,Team.SACRAMENTO_KINGS,112,110,2020
483,2019-12-29 03:00:00+00:00,Team.LOS_ANGELES_LAKERS,Team.PORTLAND_TRAIL_BLAZERS,128,120,2020
484,2019-12-29 03:30:00+00:00,Team.UTAH_JAZZ,Team.LOS_ANGELES_CLIPPERS,120,107,2020
485,2019-12-29 23:00:00+00:00,Team.OKLAHOMA_CITY_THUNDER,Team.TORONTO_RAPTORS,98,97,2020
486,2019-12-30 01:00:00+00:00,Team.SACRAMENTO_KINGS,Team.DENVER_NUGGETS,115,120,2020
487,2019-12-30 01:00:00+00:00,Team.CHARLOTTE_HORNETS,Team.MEMPHIS_GRIZZLIES,104,117,2020
488,2019-12-30 01:00:00+00:00,Team.HOUSTON_ROCKETS,Team.NEW_ORLEANS_PELICANS,112,127,2020
489,2019-12-30 02:30:00+00:00,Team.DALLAS_MAVERICKS,Team.LOS_ANGELES_LAKERS,95,108,2020
490,2019-12-31 00:00:00+00:00,Team.ATLANTA_HAWKS,Team.ORLANDO_MAGIC,101,93,2020
491,2019-12-31 00:00:00+00:00,Team.MIAMI_HEAT,Team.WASHINGTON_WIZARDS,105,123,2020
492,2019-12-31 01:00:00+00:00,Team.MILWAUKEE_BUCKS,Team.CHICAGO_BULLS,123,102,2020
493,2019-12-31 01:00:00+00:00,Team.BROOKLYN_NETS,Team.MINNESOTA_TIMBERWOLVES,115,122,2020
494,2019-12-31 02:00:00+00:00,Team.DETROIT_PISTONS,Team.UTAH_JAZZ,81,104,2020
495,2019-12-31 03:00:00+00:00,Team.PHOENIX_SUNS,Team.PORTLAND_TRAIL_BLAZERS,122,116,2020
496,2019-12-31 20:00:00+00:00,Team.BOSTON_CELTICS,Team.CHARLOTTE_HORNETS,109,92,2020
497,2019-12-31 20:00:00+00:00,Team.PHILADELPHIA_76ERS,Team.INDIANA_PACERS,97,115,2020
498,2019-12-31 22:00:00+00:00,Team.LOS_ANGELES_CLIPPERS,Team.SACRAMENTO_KINGS,105,87,2020
499,2020-01-01 00:00:00+00:00,Team.DENVER_NUGGETS,Team.HOUSTON_ROCKETS,104,130,2020
500,2020-01-01 00:00:00+00:00,Team.GOLDEN_STATE_WARRIORS,Team.SAN_ANTONIO_SPURS,113,117,2020
501,2020-01-01 00:00:00+00:00,Team.CLEVELAND_CAVALIERS,Team.TORONTO_RAPTORS,97,117,2020
502,2020-01-01 01:00:00+00:00,Team.DALLAS_MAVERICKS,Team.OKLAHOMA_CITY_THUNDER,101,106,2020
503,2020-01-01 23:00:00+00:00,Team.ORLANDO_MAGIC,Team.WASHINGTON_WIZARDS,122,101,2020
504,2020-01-02 00:30:00+00:00,Team.PORTLAND_TRAIL_BLAZERS,Team.NEW_YORK_KNICKS,93,117,2020
505,2020-01-02 01:00:00+00:00,Team.MINNESOTA_TIMBERWOLVES,Team.MILWAUKEE_BUCKS,104,106,2020
506,2020-01-02 03:30:00+00:00,Team.PHOENIX_SUNS,Team.LOS_ANGELES_LAKERS,107,117,2020
507,2020-01-03 00:00:00+00:00,Team.CHARLOTTE_HORNETS,Team.CLEVELAND_CAVALIERS,109,106,2020
508,2020-01-03 00:00:00+00:00,Team.DENVER_NUGGETS,Team.INDIANA_PACERS,124,116,2020
509,2020-01-03 00:30:00+00:00,Team.TORONTO_RAPTORS,Team.MIAMI_HEAT,76,84,2020
510,2020-01-03 01:00:00+00:00,Team.UTAH_JAZZ,Team.CHICAGO_BULLS,102,98,2020
511,2020-01-03 01:00:00+00:00,Team.GOLDEN_STATE_WARRIORS,Team.MINNESOTA_TIMBERWOLVES,84,99,2020
512,2020-01-03 01:30:00+00:00,Team.BROOKLYN_NETS,Team.DALLAS_MAVERICKS,111,123,2020
513,2020-01-03 01:30:00+00:00,Team.OKLAHOMA_CITY_THUNDER,Team.SAN_ANTONIO_SPURS,109,103,2020
514,2020-01-03 03:00:00+00:00,Team.MEMPHIS_GRIZZLIES,Team.SACRAMENTO_KINGS,123,128,2020
515,2020-01-03 03:30:00+00:00,Team.DETROIT_PISTONS,Team.LOS_ANGELES_CLIPPERS,112,126,2020
516,2020-01-04 00:00:00+00:00,Team.ATLANTA_HAWKS,Team.BOSTON_CELTICS,106,109,2020
517,2020-01-04 00:00:00+00:00,Team.MIAMI_HEAT,Team.ORLANDO_MAGIC,85,105,2020
518,2020-01-04 00:00:00+00:00,Team.PORTLAND_TRAIL_BLAZERS,Team.WASHINGTON_WIZARDS,122,103,2020
519,2020-01-04 01:00:00+00:00,Team.PHILADELPHIA_76ERS,Team.HOUSTON_ROCKETS,108,118,2020
520,2020-01-04 02:00:00+00:00,Team.NEW_YORK_KNICKS,Team.PHOENIX_SUNS,112,120,2020
521,2020-01-04 03:30:00+00:00,Team.NEW_ORLEANS_PELICANS,Team.LOS_ANGELES_LAKERS,113,123,2020
522,2020-01-04 20:30:00+00:00,Team.MEMPHIS_GRIZZLIES,Team.LOS_ANGELES_CLIPPERS,140,114,2020
523,2020-01-04 23:00:00+00:00,Team.TORONTO_RAPTORS,Team.BROOKLYN_NETS,121,102,2020
524,2020-01-05 00:00:00+00:00,Team.UTAH_JAZZ,Team.ORLANDO_MAGIC,109,96,2020
525,2020-01-05 00:30:00+00:00,Team.INDIANA_PACERS,Team.ATLANTA_HAWKS,111,116,2020
526,2020-01-05 00:30:00+00:00,Team.OKLAHOMA_CITY_THUNDER,Team.CLEVELAND_CAVALIERS,121,106,2020
527,2020-01-05 01:00:00+00:00,Team.BOSTON_CELTICS,Team.CHICAGO_BULLS,111,104,2020
528,2020-01-05 01:00:00+00:00,Team.DENVER_NUGGETS,Team.WASHINGTON_WIZARDS,114,128,2020
529,2020-01-05 01:30:00+00:00,Team.CHARLOTTE_HORNETS,Team.DALLAS_MAVERICKS,123,120,2020
530,2020-01-05 01:30:00+00:00,Team.DETROIT_PISTONS,Team.GOLDEN_STATE_WARRIORS,111,104,2020
531,2020-01-05 01:30:00+00:00,Team.SAN_ANTONIO_SPURS,Team.MILWAUKEE_BUCKS,118,127,2020
532,2020-01-05 03:00:00+00:00,Team.NEW_ORLEANS_PELICANS,Team.SACRAMENTO_KINGS,117,115,2020
533,2020-01-05 20:30:00+00:00,Team.NEW_YORK_KNICKS,Team.LOS_ANGELES_CLIPPERS,132,135,2020
534,2020-01-05 23:00:00+00:00,Team.PORTLAND_TRAIL_BLAZERS,Team.MIAMI_HEAT,111,122,2020
535,2020-01-06 00:30:00+00:00,Team.MINNESOTA_TIMBERWOLVES,Team.CLEVELAND_CAVALIERS,118,103,2020
536,2020-01-06 01:00:00+00:00,Team.MEMPHIS_GRIZZLIES,Team.PHOENIX_SUNS,121,114,2020
537,2020-01-06 03:00:00+00:00,Team.DETROIT_PISTONS,Team.LOS_ANGELES_LAKERS,99,106,2020
538,2020-01-07 00:00:00+00:00,Team.INDIANA_PACERS,Team.CHARLOTTE_HORNETS,115,104,2020
539,2020-01-07 00:00:00+00:00,Team.BROOKLYN_NETS,Team.ORLANDO_MAGIC,89,101,2020
540,2020-01-07 00:00:00+00:00,Team.OKLAHOMA_CITY_THUNDER,Team.PHILADELPHIA_76ERS,113,120,2020
541,2020-01-07 00:00:00+00:00,Team.BOSTON_CELTICS,Team.WASHINGTON_WIZARDS,94,99,2020
542,2020-01-07 00:30:00+00:00,Team.DENVER_NUGGETS,Team.ATLANTA_HAWKS,123,115,2020
543,2020-01-07 01:00:00+00:00,Team.UTAH_JAZZ,Team.NEW_ORLEANS_PELICANS,128,126,2020
544,2020-01-07 01:30:00+00:00,Team.CHICAGO_BULLS,Team.DALLAS_MAVERICKS,110,118,2020
545,2020-01-07 01:30:00+00:00,Team.MILWAUKEE_BUCKS,Team.SAN_ANTONIO_SPURS,104,126,2020
546,2020-01-07 03:00:00+00:00,Team.GOLDEN_STATE_WARRIORS,Team.SACRAMENTO_KINGS,98,111,2020
547,2020-01-08 00:00:00+00:00,Team.DETROIT_PISTONS,Team.CLEVELAND_CAVALIERS,115,113,2020
548,2020-01-08 00:00:00+00:00,Team.PORTLAND_TRAIL_BLAZERS,Team.TORONTO_RAPTORS,101,99,2020
549,2020-01-08 00:30:00+00:00,Team.OKLAHOMA_CITY_THUNDER,Team.BROOKLYN_NETS,111,103,2020
550,2020-01-08 01:00:00+00:00,Team.MINNESOTA_TIMBERWOLVES,Team.MEMPHIS_GRIZZLIES,112,119,2020
551,2020-01-08 02:00:00+00:00,Team.SACRAMENTO_KINGS,Team.PHOENIX_SUNS,114,103,2020
552,2020-01-08 03:30:00+00:00,Team.NEW_YORK_KNICKS,Team.LOS_ANGELES_LAKERS,87,117,2020
553,2020-01-09 00:00:00+00:00,Team.SAN_ANTONIO_SPURS,Team.BOSTON_CELTICS,129,114,2020
554,2020-01-09 00:00:00+00:00,Team.TORONTO_RAPTORS,Team.CHARLOTTE_HORNETS,112,110,2020
555,2020-01-09 00:00:00+00:00,Team.MIAMI_HEAT,Team.INDIANA_PACERS,122,108,2020
556,2020-01-09 00:00:00+00:00,Team.WASHINGTON_WIZARDS,Team.ORLANDO_MAGIC,89,123,2020
557,2020-01-09 00:30:00+00:00,Team.HOUSTON_ROCKETS,Team.ATLANTA_HAWKS,122,115,2020
558,2020-01-09 00:30:00+00:00,Team.DENVER_NUGGETS,Team.DALLAS_MAVERICKS,107,106,2020
559,2020-01-09 01:00:00+00:00,Team.CHICAGO_BULLS,Team.NEW_ORLEANS_PELICANS,108,123,2020
560,2020-01-09 02:00:00+00:00,Team.NEW_YORK_KNICKS,Team.UTAH_JAZZ,104,128,2020
561,2020-01-09 03:00:00+00:00,Team.MILWAUKEE_BUCKS,Team.GOLDEN_STATE_WARRIORS,107,98,2020
562,2020-01-10 00:00:00+00:00,Team.CLEVELAND_CAVALIERS,Team.DETROIT_PISTONS,115,112,2020
563,2020-01-10 00:00:00+00:00,Team.BOSTON_CELTICS,Team.PHILADELPHIA_76ERS,98,109,2020
564,2020-01-10 01:00:00+00:00,Team.PORTLAND_TRAIL_BLAZERS,Team.MINNESOTA_TIMBERWOLVES,102,116,2020
565,2020-01-10 02:30:00+00:00,Team.HOUSTON_ROCKETS,Team.OKLAHOMA_CITY_THUNDER,92,113,2020
566,2020-01-11 00:00:00+00:00,Team.ATLANTA_HAWKS,Team.WASHINGTON_WIZARDS,101,111,2020
567,2020-01-11 00:15:00+00:00,Team.NEW_ORLEANS_PELICANS,Team.NEW_YORK_KNICKS,123,111,2020
568,2020-01-11 00:30:00+00:00,Team.MIAMI_HEAT,Team.BROOKLYN_NETS,113,117,2020
569,2020-01-11 01:00:00+00:00,Team.INDIANA_PACERS,Team.CHICAGO_BULLS,116,105,2020
570,2020-01-11 01:00:00+00:00,Team.SAN_ANTONIO_SPURS,Team.MEMPHIS_GRIZZLIES,121,134,2020
571,2020-01-11 02:00:00+00:00,Team.ORLANDO_MAGIC,Team.PHOENIX_SUNS,94,98,2020
572,2020-01-11 02:00:00+00:00,Team.CHARLOTTE_HORNETS,Team.UTAH_JAZZ,92,109,2020
573,2020-01-11 02:45:00+00:00,Team.LOS_ANGELES_LAKERS,Team.DALLAS_MAVERICKS,129,114,2020
574,2020-01-11 03:00:00+00:00,Team.MILWAUKEE_BUCKS,Team.SACRAMENTO_KINGS,127,106,2020
575,2020-01-11 03:30:00+00:00,Team.GOLDEN_STATE_WARRIORS,Team.LOS_ANGELES_CLIPPERS,100,109,2020
576,2020-01-11 22:00:00+00:00,Team.MINNESOTA_TIMBERWOLVES,Team.HOUSTON_ROCKETS,109,139,2020
577,2020-01-12 00:00:00+00:00,Team.NEW_ORLEANS_PELICANS,Team.BOSTON_CELTICS,105,140,2020
578,2020-01-12 00:00:00+00:00,Team.CHICAGO_BULLS,Team.DETROIT_PISTONS,108,99,2020
579,2020-01-12 01:00:00+00:00,Team.LOS_ANGELES_LAKERS,Team.OKLAHOMA_CITY_THUNDER,125,110,2020
580,2020-01-12 01:30:00+00:00,Team.PHILADELPHIA_76ERS,Team.DALLAS_MAVERICKS,91,109,2020
581,2020-01-12 02:00:00+00:00,Team.CLEVELAND_CAVALIERS,Team.DENVER_NUGGETS,111,103,2020
582,2020-01-12 03:00:00+00:00,Team.MILWAUKEE_BUCKS,Team.PORTLAND_TRAIL_BLAZERS,122,101,2020
583,2020-01-12 20:30:00+00:00,Team.MIAMI_HEAT,Team.NEW_YORK_KNICKS,121,124,2020
584,2020-01-12 20:30:00+00:00,Team.UTAH_JAZZ,Team.WASHINGTON_WIZARDS,127,116,2020
585,2020-01-12 23:00:00+00:00,Team.ATLANTA_HAWKS,Team.BROOKLYN_NETS,86,108,2020
586,2020-01-12 23:00:00+00:00,Team.GOLDEN_STATE_WARRIORS,Team.MEMPHIS_GRIZZLIES,102,122,2020
587,2020-01-12 23:00:00+00:00,Team.SAN_ANTONIO_SPURS,Team.TORONTO_RAPTORS,105,104,2020
588,2020-01-13 01:00:00+00:00,Team.LOS_ANGELES_CLIPPERS,Team.DENVER_NUGGETS,104,114,2020
589,2020-01-13 01:00:00+00:00,Team.CHARLOTTE_HORNETS,Team.PHOENIX_SUNS,92,100,2020
590,2020-01-14 00:00:00+00:00,Team.NEW_ORLEANS_PELICANS,Team.DETROIT_PISTONS,117,110,2020
591,2020-01-14 00:00:00+00:00,Team.PHILADELPHIA_76ERS,Team.INDIANA_PACERS,95,101,2020
592,2020-01-14 00:30:00+00:00,Team.CHICAGO_BULLS,Team.BOSTON_CELTICS,101,113,2020
593,2020-01-14 01:00:00+00:00,Team.OKLAHOMA_CITY_THUNDER,Team.MINNESOTA_TIMBERWOLVES,117,104,2020
594,2020-01-14 03:00:00+00:00,Team.CHARLOTTE_HORNETS,Team.PORTLAND_TRAIL_BLAZERS,112,115,2020
595,2020-01-14 03:00:00+00:00,Team.ORLANDO_MAGIC,Team.SACRAMENTO_KINGS,114,112,2020
596,2020-01-14 03:30:00+00:00,Team.CLEVELAND_CAVALIERS,Team.LOS_ANGELES_LAKERS,99,128,2020
597,2020-01-15 00:30:00+00:00,Team.PHOENIX_SUNS,Team.ATLANTA_HAWKS,110,123,2020
598,2020-01-15 00:30:00+00:00,Team.UTAH_JAZZ,Team.BROOKLYN_NETS,118,107,2020
599,2020-01-15 01:00:00+00:00,Team.HOUSTON_ROCKETS,Team.MEMPHIS_GRIZZLIES,110,121,2020
600,2020-01-15 01:00:00+00:00,Team.NEW_YORK_KNICKS,Team.MILWAUKEE_BUCKS,102,128,2020
601,2020-01-15 03:30:00+00:00,Team.DALLAS_MAVERICKS,Team.GOLDEN_STATE_WARRIORS,124,97,2020
602,2020-01-15 03:30:00+00:00,Team.CLEVELAND_CAVALIERS,Team.LOS_ANGELES_CLIPPERS,103,128,2020
603,2020-01-16 00:00:00+00:00,Team.DETROIT_PISTONS,Team.BOSTON_CELTICS,116,103,2020
604,2020-01-16 00:00:00+00:00,Team.BROOKLYN_NETS,Team.PHILADELPHIA_76ERS,106,117,2020
605,2020-01-16 00:30:00+00:00,Team.SAN_ANTONIO_SPURS,Team.MIAMI_HEAT,100,106,2020
606,2020-01-16 01:00:00+00:00,Team.WASHINGTON_WIZARDS,Team.CHICAGO_BULLS,106,115,2020
607,2020-01-16 01:00:00+00:00,Team.INDIANA_PACERS,Team.MINNESOTA_TIMBERWOLVES,104,99,2020
608,2020-01-16 01:00:00+00:00,Team.TORONTO_RAPTORS,Team.OKLAHOMA_CITY_THUNDER,130,121,2020
609,2020-01-16 02:00:00+00:00,Team.CHARLOTTE_HORNETS,Team.DENVER_NUGGETS,86,100,2020
610,2020-01-16 02:30:00+00:00,Team.PORTLAND_TRAIL_BLAZERS,Team.HOUSTON_ROCKETS,117,107,2020
611,2020-01-16 03:00:00+00:00,Team.DALLAS_MAVERICKS,Team.SACRAMENTO_KINGS,127,123,2020
612,2020-01-16 03:30:00+00:00,Team.ORLANDO_MAGIC,Team.LOS_ANGELES_LAKERS,119,118,2020
613,2020-01-17 00:30:00+00:00,Team.PHOENIX_SUNS,Team.NEW_YORK_KNICKS,121,98,2020
614,2020-01-17 01:00:00+00:00,Team.BOSTON_CELTICS,Team.MILWAUKEE_BUCKS,123,128,2020
615,2020-01-17 01:00:00+00:00,Team.UTAH_JAZZ,Team.NEW_ORLEANS_PELICANS,132,138,2020
616,2020-01-17 03:30:00+00:00,Team.DENVER_NUGGETS,Team.GOLDEN_STATE_WARRIORS,134,131,2020
617,2020-01-17 03:30:00+00:00,Team.ORLANDO_MAGIC,Team.LOS_ANGELES_CLIPPERS,95,122,2020
618,2020-01-18 00:00:00+00:00,Team.MINNESOTA_TIMBERWOLVES,Team.INDIANA_PACERS,114,116,2020
619,2020-01-18 00:00:00+00:00,Team.CHICAGO_BULLS,Team.PHILADELPHIA_76ERS,89,100,2020
620,2020-01-18 00:00:00+00:00,Team.WASHINGTON_WIZARDS,Team.TORONTO_RAPTORS,111,140,2020
621,2020-01-18 01:00:00+00:00,Team.CLEVELAND_CAVALIERS,Team.MEMPHIS_GRIZZLIES,109,113,2020
622,2020-01-18 01:00:00+00:00,Team.MIAMI_HEAT,Team.OKLAHOMA_CITY_THUNDER,115,108,2020
623,2020-01-18 01:30:00+00:00,Team.ATLANTA_HAWKS,Team.SAN_ANTONIO_SPURS,121,120,2020
624,2020-01-18 02:30:00+00:00,Team.PORTLAND_TRAIL_BLAZERS,Team.DALLAS_MAVERICKS,112,120,2020
625,2020-01-18 20:30:00+00:00,Team.LOS_ANGELES_CLIPPERS,Team.NEW_ORLEANS_PELICANS,133,130,2020
626,2020-01-18 23:00:00+00:00,Team.MILWAUKEE_BUCKS,Team.BROOKLYN_NETS,117,97,2020
627,2020-01-19 00:00:00+00:00,Team.PHOENIX_SUNS,Team.BOSTON_CELTICS,123,119,2020
628,2020-01-19 00:30:00+00:00,Team.DETROIT_PISTONS,Team.ATLANTA_HAWKS,136,103,2020
629,2020-01-19 00:30:00+00:00,Team.PHILADELPHIA_76ERS,Team.NEW_YORK_KNICKS,90,87,2020
630,2020-01-19 01:00:00+00:00,Team.CLEVELAND_CAVALIERS,Team.CHICAGO_BULLS,116,118,2020
631,2020-01-19 01:00:00+00:00,Team.TORONTO_RAPTORS,Team.MINNESOTA_TIMBERWOLVES,122,112,2020
632,2020-01-19 01:30:00+00:00,Team.ORLANDO_MAGIC,Team.GOLDEN_STATE_WARRIORS,95,109,2020
633,2020-01-19 01:30:00+00:00,Team.LOS_ANGELES_LAKERS,Team.HOUSTON_ROCKETS,124,115,2020
634,2020-01-19 02:00:00+00:00,Team.PORTLAND_TRAIL_BLAZERS,Team.OKLAHOMA_CITY_THUNDER,106,119,2020
635,2020-01-19 02:00:00+00:00,Team.SACRAMENTO_KINGS,Team.UTAH_JAZZ,101,123,2020
636,2020-01-19 20:00:00+00:00,Team.MIAMI_HEAT,Team.SAN_ANTONIO_SPURS,102,107,2020
637,2020-01-20 01:00:00+00:00,Team.INDIANA_PACERS,Team.DENVER_NUGGETS,115,107,2020
638,2020-01-20 19:00:00+00:00,Team.DETROIT_PISTONS,Team.WASHINGTON_WIZARDS,100,106,2020
639,2020-01-20 19:30:00+00:00,Team.TORONTO_RAPTORS,Team.ATLANTA_HAWKS,122,117,2020
640,2020-01-20 20:00:00+00:00,Team.PHILADELPHIA_76ERS,Team.BROOKLYN_NETS,117,111,2020
641,2020-01-20 22:00:00+00:00,Team.ORLANDO_MAGIC,Team.CHARLOTTE_HORNETS,106,83,2020
642,2020-01-20 22:00:00+00:00,Team.NEW_YORK_KNICKS,Team.CLEVELAND_CAVALIERS,106,86,2020
643,2020-01-20 22:00:00+00:00,Team.OKLAHOMA_CITY_THUNDER,Team.HOUSTON_ROCKETS,112,107,2020
644,2020-01-20 22:00:00+00:00,Team.NEW_ORLEANS_PELICANS,Team.MEMPHIS_GRIZZLIES,126,116,2020
645,2020-01-20 22:00:00+00:00,Team.SACRAMENTO_KINGS,Team.MIAMI_HEAT,113,118,2020
646,2020-01-20 22:00:00+00:00,Team.CHICAGO_BULLS,Team.MILWAUKEE_BUCKS,98,111,2020
647,2020-01-21 00:30:00+00:00,Team.LOS_ANGELES_LAKERS,Team.BOSTON_CELTICS,107,139,2020
648,2020-01-21 01:00:00+00:00,Team.DENVER_NUGGETS,Team.MINNESOTA_TIMBERWOLVES,107,100,2020
649,2020-01-21 02:00:00+00:00,Team.SAN_ANTONIO_SPURS,Team.PHOENIX_SUNS,120,118,2020
650,2020-01-21 02:00:00+00:00,Team.INDIANA_PACERS,Team.UTAH_JAZZ,88,118,2020
651,2020-01-21 03:00:00+00:00,Team.GOLDEN_STATE_WARRIORS,Team.PORTLAND_TRAIL_BLAZERS,124,129,2020
652,2020-01-22 01:30:00+00:00,Team.LOS_ANGELES_CLIPPERS,Team.DALLAS_MAVERICKS,110,107,2020
653,2020-01-23 00:00:00+00:00,Team.SACRAMENTO_KINGS,Team.DETROIT_PISTONS,106,127,2020
654,2020-01-23 00:00:00+00:00,Team.OKLAHOMA_CITY_THUNDER,Team.ORLANDO_MAGIC,120,114,2020
655,2020-01-23 00:00:00+00:00,Team.PHILADELPHIA_76ERS,Team.TORONTO_RAPTORS,95,107,2020
656,2020-01-23 00:30:00+00:00,Team.LOS_ANGELES_CLIPPERS,Team.ATLANTA_HAWKS,95,102,2020
657,2020-01-23 00:30:00+00:00,Team.MEMPHIS_GRIZZLIES,Team.BOSTON_CELTICS,95,119,2020
658,2020-01-23 00:30:00+00:00,Team.WASHINGTON_WIZARDS,Team.MIAMI_HEAT,129,134,2020
659,2020-01-23 00:30:00+00:00,Team.LOS_ANGELES_LAKERS,Team.NEW_YORK_KNICKS,100,92,2020
660,2020-01-23 01:00:00+00:00,Team.MINNESOTA_TIMBERWOLVES,Team.CHICAGO_BULLS,110,117,2020
661,2020-01-23 01:00:00+00:00,Team.DENVER_NUGGETS,Team.HOUSTON_ROCKETS,105,121,2020
662,2020-01-23 02:00:00+00:00,Team.INDIANA_PACERS,Team.PHOENIX_SUNS,112,87,2020
663,2020-01-23 02:30:00+00:00,Team.SAN_ANTONIO_SPURS,Team.NEW_ORLEANS_PELICANS,121,117,2020
664,2020-01-23 03:00:00+00:00,Team.UTAH_JAZZ,Team.GOLDEN_STATE_WARRIORS,129,96,2020
665,2020-01-24 00:00:00+00:00,Team.WASHINGTON_WIZARDS,Team.CLEVELAND_CAVALIERS,124,112,2020
666,2020-01-24 01:00:00+00:00,Team.LOS_ANGELES_LAKERS,Team.BROOKLYN_NETS,128,113,2020
667,2020-01-24 03:30:00+00:00,Team.DALLAS_MAVERICKS,Team.PORTLAND_TRAIL_BLAZERS,133,125,2020
668,2020-01-24 20:00:00+00:00,Team.MILWAUKEE_BUCKS,Team.CHARLOTTE_HORNETS,116,103,2020
669,2020-01-25 00:00:00+00:00,Team.MEMPHIS_GRIZZLIES,Team.DETROIT_PISTONS,125,112,2020
670,2020-01-25 00:00:00+00:00,Team.BOSTON_CELTICS,Team.ORLANDO_MAGIC,109,98,2020
671,2020-01-25 00:30:00+00:00,Team.TORONTO_RAPTORS,Team.NEW_YORK_KNICKS,118,112,2020
672,2020-01-25 01:00:00+00:00,Team.SACRAMENTO_KINGS,Team.CHICAGO_BULLS,98,81,2020
673,2020-01-25 01:00:00+00:00,Team.LOS_ANGELES_CLIPPERS,Team.MIAMI_HEAT,122,117,2020
674,2020-01-25 01:00:00+00:00,Team.HOUSTON_ROCKETS,Team.MINNESOTA_TIMBERWOLVES,131,124,2020
675,2020-01-25 01:00:00+00:00,Team.DENVER_NUGGETS,Team.NEW_ORLEANS_PELICANS,113,106,2020
676,2020-01-25 01:00:00+00:00,Team.ATLANTA_HAWKS,Team.OKLAHOMA_CITY_THUNDER,111,140,2020
677,2020-01-25 01:30:00+00:00,Team.PHOENIX_SUNS,Team.SAN_ANTONIO_SPURS,103,99,2020
678,2020-01-25 03:30:00+00:00,Team.INDIANA_PACERS,Team.GOLDEN_STATE_WARRIORS,129,118,2020
679,2020-01-25 22:00:00+00:00,Team.DALLAS_MAVERICKS,Team.UTAH_JAZZ,107,112,2020
680,2020-01-26 00:00:00+00:00,Team.BROOKLYN_NETS,Team.DETROIT_PISTONS,121,111,2020
681,2020-01-26 01:00:00+00:00,Team.CHICAGO_BULLS,Team.CLEVELAND_CAVALIERS,118,106,2020
682,2020-01-26 01:00:00+00:00,Team.OKLAHOMA_CITY_THUNDER,Team.MINNESOTA_TIMBERWOLVES,113,104,2020
683,2020-01-26 01:30:00+00:00,Team.LOS_ANGELES_LAKERS,Team.PHILADELPHIA_76ERS,91,108,2020
684,2020-01-26 20:30:00+00:00,Team.HOUSTON_ROCKETS,Team.DENVER_NUGGETS,110,117,2020
685,2020-01-26 21:00:00+00:00,Team.TORONTO_RAPTORS,Team.SAN_ANTONIO_SPURS,110,106,2020
686,2020-01-26 23:00:00+00:00,Team.WASHINGTON_WIZARDS,Team.ATLANTA_HAWKS,133,152,2020
687,2020-01-26 23:00:00+00:00,Team.PHOENIX_SUNS,Team.MEMPHIS_GRIZZLIES,109,114,2020
688,2020-01-26 23:00:00+00:00,Team.BOSTON_CELTICS,Team.NEW_ORLEANS_PELICANS,108,123,2020
689,2020-01-26 23:00:00+00:00,Team.BROOKLYN_NETS,Team.NEW_YORK_KNICKS,97,110,2020
690,2020-01-26 23:00:00+00:00,Team.LOS_ANGELES_CLIPPERS,Team.ORLANDO_MAGIC,112,97,2020
691,2020-01-27 02:00:00+00:00,Team.INDIANA_PACERS,Team.PORTLAND_TRAIL_BLAZERS,129,139,2020
692,2020-01-28 00:00:00+00:00,Team.CLEVELAND_CAVALIERS,Team.DETROIT_PISTONS,115,100,2020
693,2020-01-28 00:30:00+00:00,Team.ORLANDO_MAGIC,Team.MIAMI_HEAT,92,113,2020
694,2020-01-28 01:00:00+00:00,Team.SAN_ANTONIO_SPURS,Team.CHICAGO_BULLS,109,110,2020
695,2020-01-28 01:00:00+00:00,Team.SACRAMENTO_KINGS,Team.MINNESOTA_TIMBERWOLVES,133,129,2020
696,2020-01-28 01:00:00+00:00,Team.DALLAS_MAVERICKS,Team.OKLAHOMA_CITY_THUNDER,107,97,2020
697,2020-01-28 02:00:00+00:00,Team.HOUSTON_ROCKETS,Team.UTAH_JAZZ,126,117,2020
698,2020-01-29 00:00:00+00:00,Team.NEW_YORK_KNICKS,Team.CHARLOTTE_HORNETS,92,97,2020
699,2020-01-29 00:00:00+00:00,Team.GOLDEN_STATE_WARRIORS,Team.PHILADELPHIA_76ERS,104,115,2020
700,2020-01-29 00:30:00+00:00,Team.NEW_ORLEANS_PELICANS,Team.CLEVELAND_CAVALIERS,125,111,2020
701,2020-01-29 00:30:00+00:00,Team.ATLANTA_HAWKS,Team.TORONTO_RAPTORS,114,130,2020
702,2020-01-29 01:00:00+00:00,Team.DENVER_NUGGETS,Team.MEMPHIS_GRIZZLIES,96,104,2020
703,2020-01-29 01:00:00+00:00,Team.BOSTON_CELTICS,Team.MIAMI_HEAT,109,101,2020
704,2020-01-29 01:00:00+00:00,Team.WASHINGTON_WIZARDS,Team.MILWAUKEE_BUCKS,131,151,2020
705,2020-01-29 01:30:00+00:00,Team.PHOENIX_SUNS,Team.DALLAS_MAVERICKS,133,104,2020
706,2020-01-30 00:00:00+00:00,Team.CHICAGO_BULLS,Team.INDIANA_PACERS,106,115,2020
707,2020-01-30 00:30:00+00:00,Team.DETROIT_PISTONS,Team.BROOKLYN_NETS,115,125,2020
708,2020-01-30 00:30:00+00:00,Team.MEMPHIS_GRIZZLIES,Team.NEW_YORK_KNICKS,127,106,2020
709,2020-01-30 01:30:00+00:00,Team.UTAH_JAZZ,Team.SAN_ANTONIO_SPURS,120,127,2020
710,2020-01-30 03:00:00+00:00,Team.HOUSTON_ROCKETS,Team.PORTLAND_TRAIL_BLAZERS,112,125,2020
711,2020-01-30 03:00:00+00:00,Team.OKLAHOMA_CITY_THUNDER,Team.SACRAMENTO_KINGS,120,100,2020
712,2020-01-31 00:00:00+00:00,Team.TORONTO_RAPTORS,Team.CLEVELAND_CAVALIERS,115,109,2020
713,2020-01-31 00:00:00+00:00,Team.CHARLOTTE_HORNETS,Team.WASHINGTON_WIZARDS,107,121,2020
714,2020-01-31 00:30:00+00:00,Team.PHILADELPHIA_76ERS,Team.ATLANTA_HAWKS,117,127,2020
715,2020-01-31 01:00:00+00:00,Team.GOLDEN_STATE_WARRIORS,Team.BOSTON_CELTICS,104,119,2020
716,2020-01-31 03:30:00+00:00,Team.UTAH_JAZZ,Team.DENVER_NUGGETS,100,106,2020
717,2020-01-31 03:30:00+00:00,Team.SACRAMENTO_KINGS,Team.LOS_ANGELES_CLIPPERS,124,103,2020
718,2020-02-01 00:00:00+00:00,Team.TORONTO_RAPTORS,Team.DETROIT_PISTONS,105,92,2020
719,2020-02-01 00:30:00+00:00,Team.CHICAGO_BULLS,Team.BROOKLYN_NETS,118,133,2020
720,2020-02-01 00:30:00+00:00,Team.DALLAS_MAVERICKS,Team.HOUSTON_ROCKETS,121,128,2020
721,2020-02-01 01:00:00+00:00,Team.MEMPHIS_GRIZZLIES,Team.NEW_ORLEANS_PELICANS,111,139,2020
722,2020-02-01 02:00:00+00:00,Team.DENVER_NUGGETS,Team.MILWAUKEE_BUCKS,127,115,2020
723,2020-02-01 02:00:00+00:00,Team.OKLAHOMA_CITY_THUNDER,Team.PHOENIX_SUNS,111,107,2020
724,2020-02-01 03:30:00+00:00,Team.PORTLAND_TRAIL_BLAZERS,Team.LOS_ANGELES_LAKERS,127,119,2020
725,2020-02-01 20:30:00+00:00,Team.MINNESOTA_TIMBERWOLVES,Team.LOS_ANGELES_CLIPPERS,106,118,2020
726,2020-02-02 00:00:00+00:00,Team.NEW_YORK_KNICKS,Team.INDIANA_PACERS,92,85,2020
727,2020-02-02 00:00:00+00:00,Team.MIAMI_HEAT,Team.ORLANDO_MAGIC,102,89,2020
728,2020-02-02 01:00:00+00:00,Team.GOLDEN_STATE_WARRIORS,Team.CLEVELAND_CAVALIERS,131,112,2020
729,2020-02-02 01:00:00+00:00,Team.BROOKLYN_NETS,Team.WASHINGTON_WIZARDS,107,113,2020
730,2020-02-02 01:30:00+00:00,Team.PHILADELPHIA_76ERS,Team.BOSTON_CELTICS,95,116,2020
731,2020-02-02 01:30:00+00:00,Team.ATLANTA_HAWKS,Team.DALLAS_MAVERICKS,100,123,2020
732,2020-02-02 02:00:00+00:00,Team.CHARLOTTE_HORNETS,Team.SAN_ANTONIO_SPURS,90,114,2020
733,2020-02-02 03:00:00+00:00,Team.LOS_ANGELES_LAKERS,Team.SACRAMENTO_KINGS,129,113,2020
734,2020-02-02 03:30:00+00:00,Team.UTAH_JAZZ,Team.PORTLAND_TRAIL_BLAZERS,107,124,2020
735,2020-02-02 17:30:00+00:00,Team.DENVER_NUGGETS,Team.DETROIT_PISTONS,123,128,2020
736,2020-02-02 19:00:00+00:00,Team.NEW_ORLEANS_PELICANS,Team.HOUSTON_ROCKETS,109,117,2020
737,2020-02-02 19:00:00+00:00,Team.PHOENIX_SUNS,Team.MILWAUKEE_BUCKS,108,129,2020
738,2020-02-02 20:00:00+00:00,Team.CHICAGO_BULLS,Team.TORONTO_RAPTORS,102,129,2020
739,2020-02-04 00:00:00+00:00,Team.ORLANDO_MAGIC,Team.CHARLOTTE_HORNETS,112,100,2020
740,2020-02-04 00:00:00+00:00,Team.NEW_YORK_KNICKS,Team.CLEVELAND_CAVALIERS,139,134,2020
741,2020-02-04 00:00:00+00:00,Team.DALLAS_MAVERICKS,Team.INDIANA_PACERS,112,103,2020
742,2020-02-04 00:00:00+00:00,Team.GOLDEN_STATE_WARRIORS,Team.WASHINGTON_WIZARDS,125,117,2020
743,2020-02-04 00:30:00+00:00,Team.BOSTON_CELTICS,Team.ATLANTA_HAWKS,123,115,2020
744,2020-02-04 00:30:00+00:00,Team.PHOENIX_SUNS,Team.BROOKLYN_NETS,97,119,2020
745,2020-02-04 00:30:00+00:00,Team.PHILADELPHIA_76ERS,Team.MIAMI_HEAT,106,137,2020
746,2020-02-04 01:00:00+00:00,Team.DETROIT_PISTONS,Team.MEMPHIS_GRIZZLIES,82,96,2020
747,2020-02-04 03:00:00+00:00,Team.MINNESOTA_TIMBERWOLVES,Team.SACRAMENTO_KINGS,109,113,2020
748,2020-02-04 03:30:00+00:00,Team.SAN_ANTONIO_SPURS,Team.LOS_ANGELES_CLIPPERS,105,108,2020
749,2020-02-05 00:30:00+00:00,Team.MILWAUKEE_BUCKS,Team.NEW_ORLEANS_PELICANS,120,108,2020
750,2020-02-05 01:00:00+00:00,Team.CHARLOTTE_HORNETS,Team.HOUSTON_ROCKETS,110,125,2020
751,2020-02-05 02:00:00+00:00,Team.PORTLAND_TRAIL_BLAZERS,Team.DENVER_NUGGETS,99,127,2020
752,2020-02-05 03:00:00+00:00,Team.SAN_ANTONIO_SPURS,Team.LOS_ANGELES_LAKERS,102,129,2020
753,2020-02-06 00:00:00+00:00,Team.PHOENIX_SUNS,Team.DETROIT_PISTONS,108,116,2020
754,2020-02-06 00:30:00+00:00,Team.ORLANDO_MAGIC,Team.BOSTON_CELTICS,100,116,2020
755,2020-02-06 00:30:00+00:00,Team.GOLDEN_STATE_WARRIORS,Team.BROOKLYN_NETS,88,129,2020
756,2020-02-06 00:30:00+00:00,Team.INDIANA_PACERS,Team.TORONTO_RAPTORS,118,119,2020
757,2020-02-06 01:00:00+00:00,Team.ATLANTA_HAWKS,Team.MINNESOTA_TIMBERWOLVES,127,120,2020
758,2020-02-06 01:00:00+00:00,Team.CLEVELAND_CAVALIERS,Team.OKLAHOMA_CITY_THUNDER,103,109,2020
759,2020-02-06 01:30:00+00:00,Team.MEMPHIS_GRIZZLIES,Team.DALLAS_MAVERICKS,121,107,2020
760,2020-02-06 02:00:00+00:00,Team.DENVER_NUGGETS,Team.UTAH_JAZZ,98,95,2020
761,2020-02-06 03:00:00+00:00,Team.MIAMI_HEAT,Team.LOS_ANGELES_CLIPPERS,111,128,2020
762,2020-02-07 00:30:00+00:00,Team.ORLANDO_MAGIC,Team.NEW_YORK_KNICKS,103,105,2020
763,2020-02-07 01:00:00+00:00,Team.NEW_ORLEANS_PELICANS,Team.CHICAGO_BULLS,125,119,2020
764,2020-02-07 01:00:00+00:00,Team.PHILADELPHIA_76ERS,Team.MILWAUKEE_BUCKS,101,112,2020
765,2020-02-07 03:00:00+00:00,Team.SAN_ANTONIO_SPURS,Team.PORTLAND_TRAIL_BLAZERS,117,125,2020
766,2020-02-07 03:30:00+00:00,Team.HOUSTON_ROCKETS,Team.LOS_ANGELES_LAKERS,121,111,2020
767,2020-02-08 00:00:00+00:00,Team.MEMPHIS_GRIZZLIES,Team.PHILADELPHIA_76ERS,107,119,2020
768,2020-02-08 00:00:00+00:00,Team.DALLAS_MAVERICKS,Team.WASHINGTON_WIZARDS,118,119,2020
769,2020-02-08 00:30:00+00:00,Team.ATLANTA_HAWKS,Team.BOSTON_CELTICS,107,112,2020
770,2020-02-08 01:00:00+00:00,Team.TORONTO_RAPTORS,Team.INDIANA_PACERS,115,106,2020
771,2020-02-08 01:00:00+00:00,Team.DETROIT_PISTONS,Team.OKLAHOMA_CITY_THUNDER,101,108,2020
772,2020-02-08 02:00:00+00:00,Team.HOUSTON_ROCKETS,Team.PHOENIX_SUNS,91,127,2020
773,2020-02-08 03:00:00+00:00,Team.MIAMI_HEAT,Team.SACRAMENTO_KINGS,97,105,2020
774,2020-02-08 03:30:00+00:00,Team.PORTLAND_TRAIL_BLAZERS,Team.UTAH_JAZZ,114,117,2020
775,2020-02-08 22:00:00+00:00,Team.MILWAUKEE_BUCKS,Team.ORLANDO_MAGIC,111,95,2020
776,2020-02-09 00:00:00+00:00,Team.DALLAS_MAVERICKS,Team.CHARLOTTE_HORNETS,116,100,2020
777,2020-02-09 00:00:00+00:00,Team.NEW_YORK_KNICKS,Team.DETROIT_PISTONS,95,92,2020
778,2020-02-09 00:30:00+00:00,Team.NEW_ORLEANS_PELICANS,Team.INDIANA_PACERS,124,117,2020
779,2020-02-09 00:30:00+00:00,Team.BROOKLYN_NETS,Team.TORONTO_RAPTORS,118,119,2020
780,2020-02-09 01:00:00+00:00,Team.LOS_ANGELES_CLIPPERS,Team.MINNESOTA_TIMBERWOLVES,115,142,2020
781,2020-02-09 01:30:00+00:00,Team.LOS_ANGELES_LAKERS,Team.GOLDEN_STATE_WARRIORS,125,120,2020
782,2020-02-09 02:00:00+00:00,Team.DENVER_NUGGETS,Team.PHOENIX_SUNS,117,108,2020
783,2020-02-09 03:00:00+00:00,Team.SAN_ANTONIO_SPURS,Team.SACRAMENTO_KINGS,102,122,2020
784,2020-02-09 20:30:00+00:00,Team.BOSTON_CELTICS,Team.OKLAHOMA_CITY_THUNDER,112,111,2020
785,2020-02-09 23:00:00+00:00,Team.NEW_YORK_KNICKS,Team.ATLANTA_HAWKS,135,140,2020
786,2020-02-09 23:00:00+00:00,Team.CHICAGO_BULLS,Team.PHILADELPHIA_76ERS,111,118,2020
787,2020-02-09 23:00:00+00:00,Team.MEMPHIS_GRIZZLIES,Team.WASHINGTON_WIZARDS,106,99,2020
788,2020-02-10 00:00:00+00:00,Team.UTAH_JAZZ,Team.HOUSTON_ROCKETS,114,113,2020
789,2020-02-10 00:30:00+00:00,Team.LOS_ANGELES_CLIPPERS,Team.CLEVELAND_CAVALIERS,133,92,2020
790,2020-02-10 02:00:00+00:00,Team.MIAMI_HEAT,Team.PORTLAND_TRAIL_BLAZERS,109,115,2020
791,2020-02-11 00:00:00+00:00,Team.CHARLOTTE_HORNETS,Team.DETROIT_PISTONS,87,76,2020
792,2020-02-11 00:00:00+00:00,Team.BROOKLYN_NETS,Team.INDIANA_PACERS,106,105,2020
793,2020-02-11 00:00:00+00:00,Team.ATLANTA_HAWKS,Team.ORLANDO_MAGIC,126,135,2020
794,2020-02-11 00:30:00+00:00,Team.MINNESOTA_TIMBERWOLVES,Team.TORONTO_RAPTORS,126,137,2020
795,2020-02-11 01:00:00+00:00,Team.SACRAMENTO_KINGS,Team.MILWAUKEE_BUCKS,111,123,2020
796,2020-02-11 01:30:00+00:00,Team.UTAH_JAZZ,Team.DALLAS_MAVERICKS,123,119,2020
797,2020-02-11 02:00:00+00:00,Team.SAN_ANTONIO_SPURS,Team.DENVER_NUGGETS,120,127,2020
798,2020-02-11 03:30:00+00:00,Team.MIAMI_HEAT,Team.GOLDEN_STATE_WARRIORS,113,101,2020
799,2020-02-11 03:30:00+00:00,Team.PHOENIX_SUNS,Team.LOS_ANGELES_LAKERS,100,125,2020
800,2020-02-12 00:00:00+00:00,Team.LOS_ANGELES_CLIPPERS,Team.PHILADELPHIA_76ERS,103,110,2020
801,2020-02-12 00:00:00+00:00,Team.CHICAGO_BULLS,Team.WASHINGTON_WIZARDS,114,126,2020
802,2020-02-12 01:00:00+00:00,Team.PORTLAND_TRAIL_BLAZERS,Team.NEW_ORLEANS_PELICANS,117,138,2020
803,2020-02-12 01:00:00+00:00,Team.SAN_ANTONIO_SPURS,Team.OKLAHOMA_CITY_THUNDER,114,106,2020
804,2020-02-12 02:30:00+00:00,Team.BOSTON_CELTICS,Team.HOUSTON_ROCKETS,105,116,2020
805,2020-02-13 00:00:00+00:00,Team.ATLANTA_HAWKS,Team.CLEVELAND_CAVALIERS,105,127,2020
806,2020-02-13 00:00:00+00:00,Team.DETROIT_PISTONS,Team.ORLANDO_MAGIC,112,116,2020
807,2020-02-13 00:30:00+00:00,Team.TORONTO_RAPTORS,Team.BROOKLYN_NETS,91,101,2020
808,2020-02-13 00:30:00+00:00,Team.MILWAUKEE_BUCKS,Team.INDIANA_PACERS,111,118,2020
809,2020-02-13 00:30:00+00:00,Team.WASHINGTON_WIZARDS,Team.NEW_YORK_KNICKS,114,96,2020
810,2020-02-13 01:00:00+00:00,Team.PORTLAND_TRAIL_BLAZERS,Team.MEMPHIS_GRIZZLIES,104,111,2020
811,2020-02-13 01:00:00+00:00,Team.CHARLOTTE_HORNETS,Team.MINNESOTA_TIMBERWOLVES,115,108,2020
812,2020-02-13 01:30:00+00:00,Team.SACRAMENTO_KINGS,Team.DALLAS_MAVERICKS,111,130,2020
813,2020-02-13 02:00:00+00:00,Team.GOLDEN_STATE_WARRIORS,Team.PHOENIX_SUNS,106,112,2020
814,2020-02-13 02:00:00+00:00,Team.MIAMI_HEAT,Team.UTAH_JAZZ,101,116,2020
815,2020-02-13 03:00:00+00:00,Team.LOS_ANGELES_LAKERS,Team.DENVER_NUGGETS,120,116,2020
816,2020-02-14 01:00:00+00:00,Team.LOS_ANGELES_CLIPPERS,Team.BOSTON_CELTICS,133,141,2020
817,2020-02-14 01:00:00+00:00,Team.OKLAHOMA_CITY_THUNDER,Team.NEW_ORLEANS_PELICANS,123,118,2020
818,2020-02-21 00:00:00+00:00,Team.MILWAUKEE_BUCKS,Team.DETROIT_PISTONS,126,106,2020
819,2020-02-21 00:30:00+00:00,Team.MIAMI_HEAT,Team.ATLANTA_HAWKS,124,129,2020
820,2020-02-21 01:00:00+00:00,Team.CHARLOTTE_HORNETS,Team.CHICAGO_BULLS,103,93,2020
821,2020-02-21 01:00:00+00:00,Team.BROOKLYN_NETS,Team.PHILADELPHIA_76ERS,104,112,2020
822,2020-02-21 03:00:00+00:00,Team.MEMPHIS_GRIZZLIES,Team.SACRAMENTO_KINGS,125,129,2020
823,2020-02-21 03:30:00+00:00,Team.HOUSTON_ROCKETS,Team.GOLDEN_STATE_WARRIORS,135,105,2020
824,2020-02-22 00:00:00+00:00,Team.DALLAS_MAVERICKS,Team.ORLANDO_MAGIC,122,106,2020
825,2020-02-22 00:00:00+00:00,Team.CLEVELAND_CAVALIERS,Team.WASHINGTON_WIZARDS,113,108,2020
826,2020-02-22 00:30:00+00:00,Team.INDIANA_PACERS,Team.NEW_YORK_KNICKS,106,98,2020
827,2020-02-22 00:30:00+00:00,Team.PHOENIX_SUNS,Team.TORONTO_RAPTORS,101,118,2020
828,2020-02-22 01:00:00+00:00,Team.BOSTON_CELTICS,Team.MINNESOTA_TIMBERWOLVES,127,117,2020
829,2020-02-22 01:00:00+00:00,Team.DENVER_NUGGETS,Team.OKLAHOMA_CITY_THUNDER,101,113,2020
830,2020-02-22 02:00:00+00:00,Team.SAN_ANTONIO_SPURS,Team.UTAH_JAZZ,113,104,2020
831,2020-02-22 03:30:00+00:00,Team.MEMPHIS_GRIZZLIES,Team.LOS_ANGELES_LAKERS,105,117,2020
832,2020-02-22 03:30:00+00:00,Team.NEW_ORLEANS_PELICANS,Team.PORTLAND_TRAIL_BLAZERS,128,115,2020
833,2020-02-22 20:30:00+00:00,Team.SACRAMENTO_KINGS,Team.LOS_ANGELES_CLIPPERS,112,103,2020
834,2020-02-23 00:00:00+00:00,Team.BROOKLYN_NETS,Team.CHARLOTTE_HORNETS,115,86,2020
835,2020-02-23 00:30:00+00:00,Team.DALLAS_MAVERICKS,Team.ATLANTA_HAWKS,107,111,2020
836,2020-02-23 01:00:00+00:00,Team.PHOENIX_SUNS,Team.CHICAGO_BULLS,112,104,2020
837,2020-02-23 01:00:00+00:00,Team.CLEVELAND_CAVALIERS,Team.MIAMI_HEAT,105,124,2020
838,2020-02-23 01:30:00+00:00,Team.PHILADELPHIA_76ERS,Team.MILWAUKEE_BUCKS,98,119,2020
839,2020-02-23 02:00:00+00:00,Team.HOUSTON_ROCKETS,Team.UTAH_JAZZ,120,110,2020
840,2020-02-23 20:30:00+00:00,Team.BOSTON_CELTICS,Team.LOS_ANGELES_LAKERS,112,114,2020
841,2020-02-23 23:00:00+00:00,Team.MINNESOTA_TIMBERWOLVES,Team.DENVER_NUGGETS,116,128,2020
842,2020-02-23 23:00:00+00:00,Team.INDIANA_PACERS,Team.TORONTO_RAPTORS,81,127,2020
843,2020-02-24 00:00:00+00:00,Team.WASHINGTON_WIZARDS,Team.CHICAGO_BULLS,117,126,2020
844,2020-02-24 00:00:00+00:00,Team.SAN_ANTONIO_SPURS,Team.OKLAHOMA_CITY_THUNDER,103,131,2020
845,2020-02-24 01:30:00+00:00,Team.NEW_ORLEANS_PELICANS,Team.GOLDEN_STATE_WARRIORS,115,101,2020
846,2020-02-24 02:00:00+00:00,Team.DETROIT_PISTONS,Team.PORTLAND_TRAIL_BLAZERS,104,107,2020
847,2020-02-25 00:00:00+00:00,Team.MIAMI_HEAT,Team.CLEVELAND_CAVALIERS,119,125,2020
848,2020-02-25 00:00:00+00:00,Team.ATLANTA_HAWKS,Team.PHILADELPHIA_76ERS,112,129,2020
849,2020-02-25 00:00:00+00:00,Team.MILWAUKEE_BUCKS,Team.WASHINGTON_WIZARDS,137,134,2020
850,2020-02-25 00:30:00+00:00,Team.ORLANDO_MAGIC,Team.BROOKLYN_NETS,115,113,2020
851,2020-02-25 01:00:00+00:00,Team.NEW_YORK_KNICKS,Team.HOUSTON_ROCKETS,112,123,2020
852,2020-02-25 01:30:00+00:00,Team.MINNESOTA_TIMBERWOLVES,Team.DALLAS_MAVERICKS,123,139,2020
853,2020-02-25 02:00:00+00:00,Team.PHOENIX_SUNS,Team.UTAH_JAZZ,131,111,2020
854,2020-02-25 03:30:00+00:00,Team.MEMPHIS_GRIZZLIES,Team.LOS_ANGELES_CLIPPERS,97,124,2020
855,2020-02-26 00:00:00+00:00,Team.CHARLOTTE_HORNETS,Team.INDIANA_PACERS,80,119,2020
856,2020-02-26 00:30:00+00:00,Team.MILWAUKEE_BUCKS,Team.TORONTO_RAPTORS,108,97,2020
857,2020-02-26 01:00:00+00:00,Team.OKLAHOMA_CITY_THUNDER,Team.CHICAGO_BULLS,124,122,2020
858,2020-02-26 02:00:00+00:00,Team.DETROIT_PISTONS,Team.DENVER_NUGGETS,98,115,2020
859,2020-02-26 03:00:00+00:00,Team.NEW_ORLEANS_PELICANS,Team.LOS_ANGELES_LAKERS,109,118,2020
860,2020-02-26 03:00:00+00:00,Team.BOSTON_CELTICS,Team.PORTLAND_TRAIL_BLAZERS,118,106,2020
861,2020-02-26 03:30:00+00:00,Team.SACRAMENTO_KINGS,Team.GOLDEN_STATE_WARRIORS,112,94,2020
862,2020-02-27 00:00:00+00:00,Team.NEW_YORK_KNICKS,Team.CHARLOTTE_HORNETS,101,107,2020
863,2020-02-27 00:00:00+00:00,Team.PHILADELPHIA_76ERS,Team.CLEVELAND_CAVALIERS,94,108,2020
864,2020-02-27 00:00:00+00:00,Team.BROOKLYN_NETS,Team.WASHINGTON_WIZARDS,106,110,2020
865,2020-02-27 00:30:00+00:00,Team.ORLANDO_MAGIC,Team.ATLANTA_HAWKS,130,120,2020
866,2020-02-27 00:30:00+00:00,Team.MINNESOTA_TIMBERWOLVES,Team.MIAMI_HEAT,129,126,2020
867,2020-02-27 01:00:00+00:00,Team.MEMPHIS_GRIZZLIES,Team.HOUSTON_ROCKETS,112,140,2020
868,2020-02-27 01:30:00+00:00,Team.DALLAS_MAVERICKS,Team.SAN_ANTONIO_SPURS,109,103,2020
869,2020-02-27 02:00:00+00:00,Team.LOS_ANGELES_CLIPPERS,Team.PHOENIX_SUNS,102,92,2020
870,2020-02-27 03:30:00+00:00,Team.BOSTON_CELTICS,Team.UTAH_JAZZ,114,103,2020
871,2020-02-28 00:00:00+00:00,Team.NEW_YORK_KNICKS,Team.PHILADELPHIA_76ERS,106,115,2020
872,2020-02-28 01:00:00+00:00,Team.PORTLAND_TRAIL_BLAZERS,Team.INDIANA_PACERS,100,106,2020
873,2020-02-28 01:00:00+00:00,Team.SACRAMENTO_KINGS,Team.OKLAHOMA_CITY_THUNDER,108,112,2020
874,2020-02-28 03:30:00+00:00,Team.LOS_ANGELES_LAKERS,Team.GOLDEN_STATE_WARRIORS,116,86,2020
875,2020-02-29 00:00:00+00:00,Team.MINNESOTA_TIMBERWOLVES,Team.ORLANDO_MAGIC,125,136,2020
876,2020-02-29 00:30:00+00:00,Team.BROOKLYN_NETS,Team.ATLANTA_HAWKS,118,141,2020
877,2020-02-29 00:30:00+00:00,Team.CHARLOTTE_HORNETS,Team.TORONTO_RAPTORS,99,96,2020
878,2020-02-29 01:00:00+00:00,Team.SACRAMENTO_KINGS,Team.MEMPHIS_GRIZZLIES,104,101,2020
879,2020-02-29 01:00:00+00:00,Team.DALLAS_MAVERICKS,Team.MIAMI_HEAT,118,126,2020
880,2020-02-29 01:00:00+00:00,Team.OKLAHOMA_CITY_THUNDER,Team.MILWAUKEE_BUCKS,86,133,2020
881,2020-02-29 01:00:00+00:00,Team.CLEVELAND_CAVALIERS,Team.NEW_ORLEANS_PELICANS,104,116,2020
882,2020-02-29 02:00:00+00:00,Team.DETROIT_PISTONS,Team.PHOENIX_SUNS,113,111,2020
883,2020-02-29 02:00:00+00:00,Team.WASHINGTON_WIZARDS,Team.UTAH_JAZZ,119,129,2020
884,2020-02-29 03:30:00+00:00,Team.DENVER_NUGGETS,Team.LOS_ANGELES_CLIPPERS,103,132,2020
885,2020-02-29 22:00:00+00:00,Team.CHICAGO_BULLS,Team.NEW_YORK_KNICKS,115,125,2020
886,2020-03-01 00:30:00+00:00,Team.PORTLAND_TRAIL_BLAZERS,Team.ATLANTA_HAWKS,117,129,2020
887,2020-03-01 00:30:00+00:00,Team.BROOKLYN_NETS,Team.MIAMI_HEAT,113,116,2020
888,2020-03-01 01:00:00+00:00,Team.INDIANA_PACERS,Team.CLEVELAND_CAVALIERS,113,104,2020
889,2020-03-01 01:00:00+00:00,Team.LOS_ANGELES_LAKERS,Team.MEMPHIS_GRIZZLIES,88,105,2020
890,2020-03-01 01:30:00+00:00,Team.HOUSTON_ROCKETS,Team.BOSTON_CELTICS,111,110,2020
891,2020-03-01 01:30:00+00:00,Team.ORLANDO_MAGIC,Team.SAN_ANTONIO_SPURS,113,114,2020
892,2020-03-01 02:00:00+00:00,Team.GOLDEN_STATE_WARRIORS,Team.PHOENIX_SUNS,115,99,2020
893,2020-03-01 18:00:00+00:00,Team.MILWAUKEE_BUCKS,Team.CHARLOTTE_HORNETS,93,85,2020
894,2020-03-01 20:30:00+00:00,Team.PHILADELPHIA_76ERS,Team.LOS_ANGELES_CLIPPERS,130,136,2020
895,2020-03-01 20:30:00+00:00,Team.DALLAS_MAVERICKS,Team.MINNESOTA_TIMBERWOLVES,111,91,2020
896,2020-03-01 23:00:00+00:00,Team.TORONTO_RAPTORS,Team.DENVER_NUGGETS,118,133,2020
897,2020-03-01 23:00:00+00:00,Team.DETROIT_PISTONS,Team.SACRAMENTO_KINGS,100,106,2020
898,2020-03-02 01:00:00+00:00,Team.LOS_ANGELES_LAKERS,Team.NEW_ORLEANS_PELICANS,122,114,2020
899,2020-03-02 01:30:00+00:00,Team.WASHINGTON_WIZARDS,Team.GOLDEN_STATE_WARRIORS,124,110,2020
900,2020-03-03 00:00:00+00:00,Team.UTAH_JAZZ,Team.CLEVELAND_CAVALIERS,126,113,2020
901,2020-03-03 00:00:00+00:00,Team.HOUSTON_ROCKETS,Team.NEW_YORK_KNICKS,123,125,2020
902,2020-03-03 00:00:00+00:00,Team.PORTLAND_TRAIL_BLAZERS,Team.ORLANDO_MAGIC,130,107,2020
903,2020-03-03 00:30:00+00:00,Team.MEMPHIS_GRIZZLIES,Team.ATLANTA_HAWKS,127,88,2020
904,2020-03-03 00:30:00+00:00,Team.MILWAUKEE_BUCKS,Team.MIAMI_HEAT,89,105,2020
905,2020-03-03 01:00:00+00:00,Team.DALLAS_MAVERICKS,Team.CHICAGO_BULLS,107,109,2020
906,2020-03-03 01:30:00+00:00,Team.INDIANA_PACERS,Team.SAN_ANTONIO_SPURS,116,111,2020
907,2020-03-04 00:00:00+00:00,Team.SAN_ANTONIO_SPURS,Team.CHARLOTTE_HORNETS,104,103,2020
908,2020-03-04 00:30:00+00:00,Team.BROOKLYN_NETS,Team.BOSTON_CELTICS,129,120,2020
909,2020-03-04 01:00:00+00:00,Team.MINNESOTA_TIMBERWOLVES,Team.NEW_ORLEANS_PELICANS,139,134,2020
910,2020-03-04 01:00:00+00:00,Team.LOS_ANGELES_CLIPPERS,Team.OKLAHOMA_CITY_THUNDER,109,94,2020
911,2020-03-04 02:00:00+00:00,Team.GOLDEN_STATE_WARRIORS,Team.DENVER_NUGGETS,116,100,2020
912,2020-03-04 02:00:00+00:00,Team.TORONTO_RAPTORS,Team.PHOENIX_SUNS,123,114,2020
913,2020-03-04 03:00:00+00:00,Team.PHILADELPHIA_76ERS,Team.LOS_ANGELES_LAKERS,107,120,2020
914,2020-03-04 03:00:00+00:00,Team.WASHINGTON_WIZARDS,Team.SACRAMENTO_KINGS,126,133,2020
915,2020-03-05 00:00:00+00:00,Team.BOSTON_CELTICS,Team.CLEVELAND_CAVALIERS,112,106,2020
916,2020-03-05 00:00:00+00:00,Team.OKLAHOMA_CITY_THUNDER,Team.DETROIT_PISTONS,114,107,2020
917,2020-03-05 00:00:00+00:00,Team.INDIANA_PACERS,Team.MILWAUKEE_BUCKS,100,119,2020
918,2020-03-05 00:30:00+00:00,Team.MEMPHIS_GRIZZLIES,Team.BROOKLYN_NETS,118,79,2020
919,2020-03-05 00:30:00+00:00,Team.UTAH_JAZZ,Team.NEW_YORK_KNICKS,112,104,2020
920,2020-03-05 00:30:00+00:00,Team.ORLANDO_MAGIC,Team.MIAMI_HEAT,113,116,2020
921,2020-03-05 01:00:00+00:00,Team.CHICAGO_BULLS,Team.MINNESOTA_TIMBERWOLVES,108,115,2020
922,2020-03-05 02:30:00+00:00,Team.NEW_ORLEANS_PELICANS,Team.DALLAS_MAVERICKS,123,127,2020
923,2020-03-05 03:00:00+00:00,Team.WASHINGTON_WIZARDS,Team.PORTLAND_TRAIL_BLAZERS,104,125,2020
924,2020-03-06 00:00:00+00:00,Team.DENVER_NUGGETS,Team.CHARLOTTE_HORNETS,114,112,2020
925,2020-03-06 01:00:00+00:00,Team.LOS_ANGELES_CLIPPERS,Team.HOUSTON_ROCKETS,120,105,2020
926,2020-03-06 03:00:00+00:00,Team.PHILADELPHIA_76ERS,Team.SACRAMENTO_KINGS,125,108,2020
927,2020-03-06 03:30:00+00:00,Team.TORONTO_RAPTORS,Team.GOLDEN_STATE_WARRIORS,121,113,2020
928,2020-03-07 00:00:00+00:00,Team.ATLANTA_HAWKS,Team.WASHINGTON_WIZARDS,112,118,2020
929,2020-03-07 00:30:00+00:00,Team.SAN_ANTONIO_SPURS,Team.BROOKLYN_NETS,120,139,2020
930,2020-03-07 00:30:00+00:00,Team.OKLAHOMA_CITY_THUNDER,Team.NEW_YORK_KNICKS,126,103,2020
931,2020-03-07 01:00:00+00:00,Team.INDIANA_PACERS,Team.CHICAGO_BULLS,108,102,2020
932,2020-03-07 01:00:00+00:00,Team.ORLANDO_MAGIC,Team.MINNESOTA_TIMBERWOLVES,132,118,2020
933,2020-03-07 01:00:00+00:00,Team.MIAMI_HEAT,Team.NEW_ORLEANS_PELICANS,104,110,2020
934,2020-03-07 01:00:00+00:00,Team.UTAH_JAZZ,Team.BOSTON_CELTICS,99,94,2020
935,2020-03-07 01:30:00+00:00,Team.MEMPHIS_GRIZZLIES,Team.DALLAS_MAVERICKS,96,121,2020
936,2020-03-07 02:00:00+00:00,Team.PORTLAND_TRAIL_BLAZERS,Team.PHOENIX_SUNS,117,127,2020
937,2020-03-07 03:30:00+00:00,Team.MILWAUKEE_BUCKS,Team.LOS_ANGELES_LAKERS,103,113,2020
938,2020-03-07 22:00:00+00:00,Team.HOUSTON_ROCKETS,Team.CHARLOTTE_HORNETS,99,108,2020
939,2020-03-08 00:00:00+00:00,Team.UTAH_JAZZ,Team.DETROIT_PISTONS,111,105,2020
940,2020-03-08 00:30:00+00:00,Team.DENVER_NUGGETS,Team.CLEVELAND_CAVALIERS,102,104,2020
941,2020-03-08 01:00:00+00:00,Team.ATLANTA_HAWKS,Team.MEMPHIS_GRIZZLIES,101,118,2020
942,2020-03-08 01:30:00+00:00,Team.PHILADELPHIA_76ERS,Team.GOLDEN_STATE_WARRIORS,114,118,2020
943,2020-03-08 03:00:00+00:00,Team.SACRAMENTO_KINGS,Team.PORTLAND_TRAIL_BLAZERS,123,111,2020
944,2020-03-08 19:00:00+00:00,Team.CHICAGO_BULLS,Team.BROOKLYN_NETS,107,110,2020
945,2020-03-08 19:30:00+00:00,Team.NEW_ORLEANS_PELICANS,Team.MINNESOTA_TIMBERWOLVES,120,107,2020
946,2020-03-08 19:30:00+00:00,Team.LOS_ANGELES_LAKERS,Team.LOS_ANGELES_CLIPPERS,112,103,2020
947,2020-03-08 22:00:00+00:00,Team.OKLAHOMA_CITY_THUNDER,Team.BOSTON_CELTICS,105,104,2020
948,2020-03-08 22:00:00+00:00,Team.MILWAUKEE_BUCKS,Team.PHOENIX_SUNS,131,140,2020
949,2020-03-08 23:00:00+00:00,Team.MIAMI_HEAT,Team.WASHINGTON_WIZARDS,100,89,2020
950,2020-03-08 23:00:00+00:00,Team.INDIANA_PACERS,Team.DALLAS_MAVERICKS,112,109,2020
951,2020-03-08 23:00:00+00:00,Team.ORLANDO_MAGIC,Team.HOUSTON_ROCKETS,126,106,2020
952,2020-03-08 23:30:00+00:00,Team.DETROIT_PISTONS,Team.NEW_YORK_KNICKS,84,96,2020
953,2020-03-08 23:30:00+00:00,Team.SAN_ANTONIO_SPURS,Team.CLEVELAND_CAVALIERS,129,132,2020
954,2020-03-09 01:00:00+00:00,Team.TORONTO_RAPTORS,Team.SACRAMENTO_KINGS,118,113,2020
955,2020-03-09 23:30:00+00:00,Team.CHARLOTTE_HORNETS,Team.ATLANTA_HAWKS,138,143,2020
956,2020-03-10 01:00:00+00:00,Team.MILWAUKEE_BUCKS,Team.DENVER_NUGGETS,95,109,2020
957,2020-03-10 01:00:00+00:00,Team.TORONTO_RAPTORS,Team.UTAH_JAZZ,101,92,2020
958,2020-03-10 23:00:00+00:00,Team.NEW_YORK_KNICKS,Team.WASHINGTON_WIZARDS,115,122,2020
959,2020-03-10 23:00:00+00:00,Team.BOSTON_CELTICS,Team.INDIANA_PACERS,114,111,2020
960,2020-03-11 00:00:00+00:00,Team.MINNESOTA_TIMBERWOLVES,Team.HOUSTON_ROCKETS,111,117,2020
961,2020-03-11 00:00:00+00:00,Team.DALLAS_MAVERICKS,Team.SAN_ANTONIO_SPURS,109,119,2020
962,2020-03-11 00:00:00+00:00,Team.ORLANDO_MAGIC,Team.MEMPHIS_GRIZZLIES,120,115,2020
963,2020-03-11 00:00:00+00:00,Team.CLEVELAND_CAVALIERS,Team.CHICAGO_BULLS,103,108,2020
964,2020-03-11 02:00:00+00:00,Team.PHOENIX_SUNS,Team.PORTLAND_TRAIL_BLAZERS,105,121,2020
965,2020-03-11 02:30:00+00:00,Team.BROOKLYN_NETS,Team.LOS_ANGELES_LAKERS,104,102,2020
966,2020-03-11 02:30:00+00:00,Team.LOS_ANGELES_CLIPPERS,Team.GOLDEN_STATE_WARRIORS,131,107,2020
967,2020-03-11 23:00:00+00:00,Team.DETROIT_PISTONS,Team.PHILADELPHIA_76ERS,106,124,2020
968,2020-03-11 23:30:00+00:00,Team.NEW_YORK_KNICKS,Team.ATLANTA_HAWKS,136,131,2020
969,2020-03-11 23:30:00+00:00,Team.CHARLOTTE_HORNETS,Team.MIAMI_HEAT,109,98,2020
970,2020-03-12 00:00:00+00:00,Team.DENVER_NUGGETS,Team.DALLAS_MAVERICKS,97,113,2020
971,2020-07-30 22:30:00+00:00,Team.UTAH_JAZZ,Team.NEW_ORLEANS_PELICANS,106,104,2020
972,2020-07-31 01:00:00+00:00,Team.LOS_ANGELES_CLIPPERS,Team.LOS_ANGELES_LAKERS,101,103,2020
973,2020-07-31 18:30:00+00:00,Team.ORLANDO_MAGIC,Team.BROOKLYN_NETS,128,118,2020
974,2020-07-31 20:00:00+00:00,Team.MEMPHIS_GRIZZLIES,Team.PORTLAND_TRAIL_BLAZERS,135,140,2020
975,2020-07-31 20:00:00+00:00,Team.PHOENIX_SUNS,Team.WASHINGTON_WIZARDS,125,112,2020
976,2020-07-31 22:30:00+00:00,Team.BOSTON_CELTICS,Team.MILWAUKEE_BUCKS,112,119,2020
977,2020-08-01 00:00:00+00:00,Team.SACRAMENTO_KINGS,Team.SAN_ANTONIO_SPURS,120,129,2020
978,2020-08-01 01:00:00+00:00,Team.HOUSTON_ROCKETS,Team.DALLAS_MAVERICKS,153,149,2020
979,2020-08-01 17:00:00+00:00,Team.MIAMI_HEAT,Team.DENVER_NUGGETS,125,105,2020
980,2020-08-01 19:30:00+00:00,Team.UTAH_JAZZ,Team.OKLAHOMA_CITY_THUNDER,94,110,2020
981,2020-08-01 22:00:00+00:00,Team.NEW_ORLEANS_PELICANS,Team.LOS_ANGELES_CLIPPERS,103,126,2020
982,2020-08-01 23:00:00+00:00,Team.PHILADELPHIA_76ERS,Team.INDIANA_PACERS,121,127,2020
983,2020-08-02 00:30:00+00:00,Team.LOS_ANGELES_LAKERS,Team.TORONTO_RAPTORS,92,107,2020
984,2020-08-02 18:00:00+00:00,Team.WASHINGTON_WIZARDS,Team.BROOKLYN_NETS,110,118,2020
985,2020-08-02 19:30:00+00:00,Team.PORTLAND_TRAIL_BLAZERS,Team.BOSTON_CELTICS,124,128,2020
986,2020-08-02 20:00:00+00:00,Team.SAN_ANTONIO_SPURS,Team.MEMPHIS_GRIZZLIES,108,106,2020
987,2020-08-02 22:00:00+00:00,Team.SACRAMENTO_KINGS,Team.ORLANDO_MAGIC,116,132,2020
988,2020-08-03 00:30:00+00:00,Team.MILWAUKEE_BUCKS,Team.HOUSTON_ROCKETS,116,120,2020
989,2020-08-03 01:00:00+00:00,Team.DALLAS_MAVERICKS,Team.PHOENIX_SUNS,115,117,2020
990,2020-08-03 17:30:00+00:00,Team.TORONTO_RAPTORS,Team.MIAMI_HEAT,107,103,2020
991,2020-08-03 20:00:00+00:00,Team.DENVER_NUGGETS,Team.OKLAHOMA_CITY_THUNDER,121,113,2020
992,2020-08-03 20:00:00+00:00,Team.INDIANA_PACERS,Team.WASHINGTON_WIZARDS,111,100,2020
993,2020-08-03 22:30:00+00:00,Team.MEMPHIS_GRIZZLIES,Team.NEW_ORLEANS_PELICANS,99,109,2020
994,2020-08-04 00:00:00+00:00,Team.SAN_ANTONIO_SPURS,Team.PHILADELPHIA_76ERS,130,132,2020
995,2020-08-04 01:00:00+00:00,Team.LOS_ANGELES_LAKERS,Team.UTAH_JAZZ,116,108,2020
996,2020-08-04 17:30:00+00:00,Team.BROOKLYN_NETS,Team.MILWAUKEE_BUCKS,119,116,2020
997,2020-08-04 18:30:00+00:00,Team.DALLAS_MAVERICKS,Team.SACRAMENTO_KINGS,114,110,2020
998,2020-08-04 20:00:00+00:00,Team.PHOENIX_SUNS,Team.LOS_ANGELES_CLIPPERS,117,115,2020
999,2020-08-04 22:00:00+00:00,Team.ORLANDO_MAGIC,Team.INDIANA_PACERS,109,120,2020
1000,2020-08-04 22:30:00+00:00,Team.BOSTON_CELTICS,Team.MIAMI_HEAT,106,112,2020
1001,2020-08-05 01:00:00+00:00,Team.HOUSTON_ROCKETS,Team.PORTLAND_TRAIL_BLAZERS,102,110,2020
1002,2020-08-05 18:30:00+00:00,Team.MEMPHIS_GRIZZLIES,Team.UTAH_JAZZ,115,124,2020
1003,2020-08-05 20:00:00+00:00,Team.DENVER_NUGGETS,Team.SAN_ANTONIO_SPURS,132,126,2020
1004,2020-08-05 20:00:00+00:00,Team.PHILADELPHIA_76ERS,Team.WASHINGTON_WIZARDS,107,98,2020
1005,2020-08-05 22:30:00+00:00,Team.OKLAHOMA_CITY_THUNDER,Team.LOS_ANGELES_LAKERS,105,86,2020
1006,2020-08-06 00:00:00+00:00,Team.TORONTO_RAPTORS,Team.ORLANDO_MAGIC,109,99,2020
1007,2020-08-06 01:00:00+00:00,Team.BROOKLYN_NETS,Team.BOSTON_CELTICS,115,149,2020
1008,2020-08-06 17:30:00+00:00,Team.NEW_ORLEANS_PELICANS,Team.SACRAMENTO_KINGS,125,140,2020
1009,2020-08-06 20:00:00+00:00,Team.MIAMI_HEAT,Team.MILWAUKEE_BUCKS,116,130,2020
1010,2020-08-06 20:00:00+00:00,Team.INDIANA_PACERS,Team.PHOENIX_SUNS,99,114,2020
1011,2020-08-06 22:30:00+00:00,Team.LOS_ANGELES_CLIPPERS,Team.DALLAS_MAVERICKS,126,111,2020
1012,2020-08-07 00:00:00+00:00,Team.PORTLAND_TRAIL_BLAZERS,Team.DENVER_NUGGETS,125,115,2020
1013,2020-08-07 01:00:00+00:00,Team.LOS_ANGELES_LAKERS,Team.HOUSTON_ROCKETS,97,113,2020
1014,2020-08-07 17:00:00+00:00,Team.UTAH_JAZZ,Team.SAN_ANTONIO_SPURS,111,119,2020
1015,2020-08-07 20:00:00+00:00,Team.OKLAHOMA_CITY_THUNDER,Team.MEMPHIS_GRIZZLIES,92,121,2020
1016,2020-08-07 21:00:00+00:00,Team.SACRAMENTO_KINGS,Team.BROOKLYN_NETS,106,119,2020
1017,2020-08-07 22:30:00+00:00,Team.ORLANDO_MAGIC,Team.PHILADELPHIA_76ERS,101,108,2020
1018,2020-08-08 00:00:00+00:00,Team.WASHINGTON_WIZARDS,Team.NEW_ORLEANS_PELICANS,107,118,2020
1019,2020-08-08 01:00:00+00:00,Team.BOSTON_CELTICS,Team.TORONTO_RAPTORS,122,100,2020
1020,2020-08-08 17:00:00+00:00,Team.LOS_ANGELES_CLIPPERS,Team.PORTLAND_TRAIL_BLAZERS,122,117,2020
1021,2020-08-08 19:30:00+00:00,Team.UTAH_JAZZ,Team.DENVER_NUGGETS,132,134,2020
1022,2020-08-08 22:00:00+00:00,Team.LOS_ANGELES_LAKERS,Team.INDIANA_PACERS,111,116,2020
1023,2020-08-08 23:30:00+00:00,Team.PHOENIX_SUNS,Team.MIAMI_HEAT,119,112,2020
1024,2020-08-09 00:30:00+00:00,Team.MILWAUKEE_BUCKS,Team.DALLAS_MAVERICKS,132,136,2020
1025,2020-08-09 16:30:00+00:00,Team.WASHINGTON_WIZARDS,Team.OKLAHOMA_CITY_THUNDER,103,121,2020
1026,2020-08-09 18:00:00+00:00,Team.MEMPHIS_GRIZZLIES,Team.TORONTO_RAPTORS,99,108,2020
1027,2020-08-09 19:00:00+00:00,Team.SAN_ANTONIO_SPURS,Team.NEW_ORLEANS_PELICANS,122,113,2020
1028,2020-08-09 21:00:00+00:00,Team.ORLANDO_MAGIC,Team.BOSTON_CELTICS,119,122,2020
1029,2020-08-09 22:30:00+00:00,Team.PHILADELPHIA_76ERS,Team.PORTLAND_TRAIL_BLAZERS,121,124,2020
1030,2020-08-10 00:00:00+00:00,Team.HOUSTON_ROCKETS,Team.SACRAMENTO_KINGS,129,112,2020
1031,2020-08-10 01:00:00+00:00,Team.BROOKLYN_NETS,Team.LOS_ANGELES_CLIPPERS,129,120,2020
1032,2020-08-10 18:30:00+00:00,Team.OKLAHOMA_CITY_THUNDER,Team.PHOENIX_SUNS,101,128,2020
1033,2020-08-10 19:00:00+00:00,Team.DALLAS_MAVERICKS,Team.UTAH_JAZZ,122,114,2020
1034,2020-08-10 22:30:00+00:00,Team.TORONTO_RAPTORS,Team.MILWAUKEE_BUCKS,114,106,2020
1035,2020-08-11 00:00:00+00:00,Team.INDIANA_PACERS,Team.MIAMI_HEAT,92,114,2020
1036,2020-08-11 01:00:00+00:00,Team.DENVER_NUGGETS,Team.LOS_ANGELES_LAKERS,121,124,2020
1037,2020-08-11 17:00:00+00:00,Team.BROOKLYN_NETS,Team.ORLANDO_MAGIC,108,96,2020
1038,2020-08-11 18:00:00+00:00,Team.HOUSTON_ROCKETS,Team.SAN_ANTONIO_SPURS,105,123,2020
1039,2020-08-11 20:30:00+00:00,Team.PHOENIX_SUNS,Team.PHILADELPHIA_76ERS,130,117,2020
1040,2020-08-11 21:00:00+00:00,Team.BOSTON_CELTICS,Team.MEMPHIS_GRIZZLIES,122,107,2020
1041,2020-08-11 22:30:00+00:00,Team.PORTLAND_TRAIL_BLAZERS,Team.DALLAS_MAVERICKS,134,131,2020
1042,2020-08-12 01:00:00+00:00,Team.NEW_ORLEANS_PELICANS,Team.SACRAMENTO_KINGS,106,112,2020
1043,2020-08-12 01:00:00+00:00,Team.MILWAUKEE_BUCKS,Team.WASHINGTON_WIZARDS,126,113,2020
1044,2020-08-12 20:00:00+00:00,Team.INDIANA_PACERS,Team.HOUSTON_ROCKETS,108,104,2020
1045,2020-08-12 22:30:00+00:00,Team.TORONTO_RAPTORS,Team.PHILADELPHIA_76ERS,125,121,2020
1046,2020-08-13 00:00:00+00:00,Team.MIAMI_HEAT,Team.OKLAHOMA_CITY_THUNDER,115,116,2020
1047,2020-08-13 01:00:00+00:00,Team.LOS_ANGELES_CLIPPERS,Team.DENVER_NUGGETS,124,111,2020
1048,2020-08-13 16:00:00+00:00,Team.WASHINGTON_WIZARDS,Team.BOSTON_CELTICS,96,90,2020
1049,2020-08-13 17:30:00+00:00,Team.SACRAMENTO_KINGS,Team.LOS_ANGELES_LAKERS,136,122,2020
1050,2020-08-13 20:00:00+00:00,Team.MILWAUKEE_BUCKS,Team.MEMPHIS_GRIZZLIES,106,119,2020
1051,2020-08-13 20:00:00+00:00,Team.DALLAS_MAVERICKS,Team.PHOENIX_SUNS,102,128,2020
1052,2020-08-13 22:30:00+00:00,Team.SAN_ANTONIO_SPURS,Team.UTAH_JAZZ,112,118,2020
1053,2020-08-14 01:00:00+00:00,Team.PORTLAND_TRAIL_BLAZERS,Team.BROOKLYN_NETS,134,133,2020
1054,2020-08-14 01:00:00+00:00,Team.NEW_ORLEANS_PELICANS,Team.ORLANDO_MAGIC,127,133,2020
1055,2020-08-14 17:30:00+00:00,Team.DENVER_NUGGETS,Team.TORONTO_RAPTORS,109,117,2020
1056,2020-08-14 20:00:00+00:00,Team.MIAMI_HEAT,Team.INDIANA_PACERS,92,109,2020
1057,2020-08-14 22:30:00+00:00,Team.OKLAHOMA_CITY_THUNDER,Team.LOS_ANGELES_CLIPPERS,103,107,2020
1058,2020-08-15 01:00:00+00:00,Team.PHILADELPHIA_76ERS,Team.HOUSTON_ROCKETS,134,96,2020
1059,2020-08-15 18:30:00+00:00,Team.MEMPHIS_GRIZZLIES,Team.PORTLAND_TRAIL_BLAZERS,122,126,2020
1060,2020-08-17 17:30:00+00:00,Team.UTAH_JAZZ,Team.DENVER_NUGGETS,125,135,2020
1061,2020-08-17 20:00:00+00:00,Team.BROOKLYN_NETS,Team.TORONTO_RAPTORS,110,134,2020
1062,2020-08-17 22:30:00+00:00,Team.PHILADELPHIA_76ERS,Team.BOSTON_CELTICS,101,109,2020
1063,2020-08-18 01:00:00+00:00,Team.DALLAS_MAVERICKS,Team.LOS_ANGELES_CLIPPERS,110,118,2020
1064,2020-08-18 17:30:00+00:00,Team.ORLANDO_MAGIC,Team.MILWAUKEE_BUCKS,122,110,2020
1065,2020-08-18 20:00:00+00:00,Team.MIAMI_HEAT,Team.INDIANA_PACERS,113,101,2020
1066,2020-08-18 22:30:00+00:00,Team.OKLAHOMA_CITY_THUNDER,Team.HOUSTON_ROCKETS,108,123,2020
1067,2020-08-19 01:00:00+00:00,Team.PORTLAND_TRAIL_BLAZERS,Team.LOS_ANGELES_LAKERS,100,93,2020
1068,2020-08-19 17:30:00+00:00,Team.BROOKLYN_NETS,Team.TORONTO_RAPTORS,99,104,2020
1069,2020-08-19 20:00:00+00:00,Team.UTAH_JAZZ,Team.DENVER_NUGGETS,124,105,2020
1070,2020-08-19 22:30:00+00:00,Team.PHILADELPHIA_76ERS,Team.BOSTON_CELTICS,101,128,2020
1071,2020-08-20 01:00:00+00:00,Team.DALLAS_MAVERICKS,Team.LOS_ANGELES_CLIPPERS,127,114,2020
1072,2020-08-20 17:00:00+00:00,Team.MIAMI_HEAT,Team.INDIANA_PACERS,109,100,2020
1073,2020-08-20 19:30:00+00:00,Team.OKLAHOMA_CITY_THUNDER,Team.HOUSTON_ROCKETS,98,111,2020
1074,2020-08-20 22:00:00+00:00,Team.ORLANDO_MAGIC,Team.MILWAUKEE_BUCKS,96,111,2020
1075,2020-08-21 01:00:00+00:00,Team.PORTLAND_TRAIL_BLAZERS,Team.LOS_ANGELES_LAKERS,88,111,2020
1076,2020-08-21 17:30:00+00:00,Team.TORONTO_RAPTORS,Team.BROOKLYN_NETS,117,92,2020
1077,2020-08-21 20:00:00+00:00,Team.DENVER_NUGGETS,Team.UTAH_JAZZ,87,124,2020
1078,2020-08-21 22:30:00+00:00,Team.BOSTON_CELTICS,Team.PHILADELPHIA_76ERS,102,94,2020
1079,2020-08-22 01:00:00+00:00,Team.LOS_ANGELES_CLIPPERS,Team.DALLAS_MAVERICKS,130,122,2020
1080,2020-08-22 17:00:00+00:00,Team.MILWAUKEE_BUCKS,Team.ORLANDO_MAGIC,121,107,2020
1081,2020-08-22 19:30:00+00:00,Team.INDIANA_PACERS,Team.MIAMI_HEAT,115,124,2020
1082,2020-08-22 22:00:00+00:00,Team.HOUSTON_ROCKETS,Team.OKLAHOMA_CITY_THUNDER,107,119,2020
1083,2020-08-23 00:30:00+00:00,Team.LOS_ANGELES_LAKERS,Team.PORTLAND_TRAIL_BLAZERS,116,108,2020
1084,2020-08-23 17:00:00+00:00,Team.BOSTON_CELTICS,Team.PHILADELPHIA_76ERS,110,106,2020
1085,2020-08-23 19:30:00+00:00,Team.LOS_ANGELES_CLIPPERS,Team.DALLAS_MAVERICKS,133,135,2020
1086,2020-08-23 22:30:00+00:00,Team.TORONTO_RAPTORS,Team.BROOKLYN_NETS,150,122,2020
1087,2020-08-24 01:00:00+00:00,Team.DENVER_NUGGETS,Team.UTAH_JAZZ,127,129,2020
1088,2020-08-24 17:30:00+00:00,Team.MILWAUKEE_BUCKS,Team.ORLANDO_MAGIC,121,106,2020
1089,2020-08-24 20:00:00+00:00,Team.HOUSTON_ROCKETS,Team.OKLAHOMA_CITY_THUNDER,114,117,2020
1090,2020-08-24 22:30:00+00:00,Team.INDIANA_PACERS,Team.MIAMI_HEAT,87,99,2020
1091,2020-08-25 01:00:00+00:00,Team.LOS_ANGELES_LAKERS,Team.PORTLAND_TRAIL_BLAZERS,135,115,2020
1092,2020-08-25 22:30:00+00:00,Team.UTAH_JAZZ,Team.DENVER_NUGGETS,107,117,2020
1093,2020-08-26 01:00:00+00:00,Team.DALLAS_MAVERICKS,Team.LOS_ANGELES_CLIPPERS,111,154,2020
1094,2020-08-29 19:30:00+00:00,Team.ORLANDO_MAGIC,Team.MILWAUKEE_BUCKS,104,118,2020
1095,2020-08-29 22:30:00+00:00,Team.OKLAHOMA_CITY_THUNDER,Team.HOUSTON_ROCKETS,80,114,2020
1096,2020-08-30 01:00:00+00:00,Team.PORTLAND_TRAIL_BLAZERS,Team.LOS_ANGELES_LAKERS,122,131,2020
1097,2020-08-30 17:00:00+00:00,Team.BOSTON_CELTICS,Team.TORONTO_RAPTORS,112,94,2020
1098,2020-08-30 19:30:00+00:00,Team.LOS_ANGELES_CLIPPERS,Team.DALLAS_MAVERICKS,111,97,2020
1099,2020-08-31 00:30:00+00:00,Team.DENVER_NUGGETS,Team.UTAH_JAZZ,119,107,2020
1100,2020-08-31 22:30:00+00:00,Team.MIAMI_HEAT,Team.MILWAUKEE_BUCKS,115,104,2020
1101,2020-09-01 01:00:00+00:00,Team.HOUSTON_ROCKETS,Team.OKLAHOMA_CITY_THUNDER,100,104,2020
1102,2020-09-01 21:30:00+00:00,Team.BOSTON_CELTICS,Team.TORONTO_RAPTORS,102,99,2020
1103,2020-09-02 00:30:00+00:00,Team.UTAH_JAZZ,Team.DENVER_NUGGETS,78,80,2020
1104,2020-09-02 22:30:00+00:00,Team.MIAMI_HEAT,Team.MILWAUKEE_BUCKS,116,114,2020
1105,2020-09-03 01:00:00+00:00,Team.OKLAHOMA_CITY_THUNDER,Team.HOUSTON_ROCKETS,102,104,2020
1106,2020-09-03 22:30:00+00:00,Team.TORONTO_RAPTORS,Team.BOSTON_CELTICS,104,103,2020
1107,2020-09-04 01:00:00+00:00,Team.DENVER_NUGGETS,Team.LOS_ANGELES_CLIPPERS,97,120,2020
1108,2020-09-04 22:30:00+00:00,Team.MILWAUKEE_BUCKS,Team.MIAMI_HEAT,100,115,2020
1109,2020-09-05 01:00:00+00:00,Team.HOUSTON_ROCKETS,Team.LOS_ANGELES_LAKERS,112,97,2020
1110,2020-09-05 22:30:00+00:00,Team.TORONTO_RAPTORS,Team.BOSTON_CELTICS,100,93,2020
1111,2020-09-06 01:00:00+00:00,Team.DENVER_NUGGETS,Team.LOS_ANGELES_CLIPPERS,110,101,2020
1112,2020-09-06 19:30:00+00:00,Team.MILWAUKEE_BUCKS,Team.MIAMI_HEAT,118,115,2020
1113,2020-09-07 00:30:00+00:00,Team.HOUSTON_ROCKETS,Team.LOS_ANGELES_LAKERS,109,117,2020
1114,2020-09-07 22:30:00+00:00,Team.BOSTON_CELTICS,Team.TORONTO_RAPTORS,111,89,2020
1115,2020-09-08 01:00:00+00:00,Team.LOS_ANGELES_CLIPPERS,Team.DENVER_NUGGETS,113,107,2020
1116,2020-09-08 22:30:00+00:00,Team.MIAMI_HEAT,Team.MILWAUKEE_BUCKS,103,94,2020
1117,2020-09-09 01:00:00+00:00,Team.LOS_ANGELES_LAKERS,Team.HOUSTON_ROCKETS,112,102,2020
1118,2020-09-09 22:30:00+00:00,Team.TORONTO_RAPTORS,Team.BOSTON_CELTICS,125,122,2020
1119,2020-09-10 01:00:00+00:00,Team.LOS_ANGELES_CLIPPERS,Team.DENVER_NUGGETS,96,85,2020
1120,2020-09-10 23:00:00+00:00,Team.LOS_ANGELES_LAKERS,Team.HOUSTON_ROCKETS,110,100,2020
1121,2020-09-11 22:30:00+00:00,Team.DENVER_NUGGETS,Team.LOS_ANGELES_CLIPPERS,111,105,2020
1122,2020-09-12 01:00:00+00:00,Team.BOSTON_CELTICS,Team.TORONTO_RAPTORS,92,87,2020
1123,2020-09-13 00:00:00+00:00,Team.HOUSTON_ROCKETS,Team.LOS_ANGELES_LAKERS,96,119,2020
1124,2020-09-13 17:00:00+00:00,Team.LOS_ANGELES_CLIPPERS,Team.DENVER_NUGGETS,98,111,2020
1125,2020-09-15 22:30:00+00:00,Team.MIAMI_HEAT,Team.BOSTON_CELTICS,117,114,2020
1126,2020-09-16 01:00:00+00:00,Team.DENVER_NUGGETS,Team.LOS_ANGELES_CLIPPERS,104,89,2020
1127,2020-09-17 23:00:00+00:00,Team.MIAMI_HEAT,Team.BOSTON_CELTICS,106,101,2020
1128,2020-09-19 01:00:00+00:00,Team.DENVER_NUGGETS,Team.LOS_ANGELES_LAKERS,114,126,2020
1129,2020-09-20 00:30:00+00:00,Team.BOSTON_CELTICS,Team.MIAMI_HEAT,117,106,2020
1130,2020-09-20 23:30:00+00:00,Team.DENVER_NUGGETS,Team.LOS_ANGELES_LAKERS,103,105,2020
1131,2020-09-23 01:00:00+00:00,Team.LOS_ANGELES_LAKERS,Team.DENVER_NUGGETS,106,114,2020
1132,2020-09-24 00:30:00+00:00,Team.BOSTON_CELTICS,Team.MIAMI_HEAT,109,112,2020
1133,2020-09-25 01:00:00+00:00,Team.LOS_ANGELES_LAKERS,Team.DENVER_NUGGETS,114,108,2020
1134,2020-09-26 00:30:00+00:00,Team.MIAMI_HEAT,Team.BOSTON_CELTICS,108,121,2020
1135,2020-09-27 01:00:00+00:00,Team.DENVER_NUGGETS,Team.LOS_ANGELES_LAKERS,107,117,2020
1136,2020-09-27 23:30:00+00:00,Team.BOSTON_CELTICS,Team.MIAMI_HEAT,113,125,2020
1137,2020-10-01 01:00:00+00:00,Team.MIAMI_HEAT,Team.LOS_ANGELES_LAKERS,98,116,2020
1138,2020-10-03 01:00:00+00:00,Team.MIAMI_HEAT,Team.LOS_ANGELES_LAKERS,114,124,2020
1139,2020-10-04 23:30:00+00:00,Team.LOS_ANGELES_LAKERS,Team.MIAMI_HEAT,104,115,2020
1140,2020-10-07 01:00:00+00:00,Team.LOS_ANGELES_LAKERS,Team.MIAMI_HEAT,102,96,2020
1141,2020-10-10 01:00:00+00:00,Team.MIAMI_HEAT,Team.LOS_ANGELES_LAKERS,111,108,2020
1142,2020-10-11 23:30:00+00:00,Team.LOS_ANGELES_LAKERS,Team.MIAMI_HEAT,106,93,2020
